part_id,task_id,trial_id,section,nom_trans_amp,nom_trans_width,nom_rot_amp,nom_rot_width,eff_trans_amp,eff_trans_width,eff_rot_amp,eff_rot_width,nom_trans_fid,nom_rot_fid,eff_trans_fid,eff_rot_fid,trans,path_trans,rot,path_rot,move_time,norm_abs_diff
2,1,1,1,0.5574,7.5e-05,0.0,1.0,0.521139795175511,0.00016912550418190635,0.05755895211369457,0.002695509353992464,12.85972889267839,0.0,11.589828597277146,4.482438246732277,0.5311153729652344,0.658166757886351,0.0460595009643978,1.131874561259158,29.467,0.1822121564228732
2,1,1,2,0.4826,0.0004,0.0,1.0,0.4600336367387201,0.002715635539003614,0.11226875259257492,0.046445580120593306,10.237807473723135,0.0,7.412797040244911,1.7728191990441453,0.4721691101713453,0.563027023252169,0.1190039077824147,0.813020892450259,13.066999999999997,0.2028100542762939
2,1,2,1,0.5574,7.5e-05,0.0,1.0,0.521139795175511,0.00016912550418190635,0.05755895211369457,0.002695509353992464,12.85972889267839,0.0,11.589828597277146,4.482438246732277,0.5151590996963947,0.5832588862199352,0.053579336494275,0.7317015670674148,16.6,0.2118670398071826
2,1,2,2,0.4826,0.0004,0.0,1.0,0.4600336367387201,0.002715635539003614,0.11226875259257492,0.046445580120593306,10.237807473723135,0.0,7.412797040244911,1.7728191990441453,0.4492621170319171,0.5565046488443988,0.1120437229599796,0.7112512096550017,11.533,0.2894753232960809
2,1,3,1,0.5574,7.5e-05,0.0,1.0,0.521139795175511,0.00016912550418190635,0.05755895211369457,0.002695509353992464,12.85972889267839,0.0,11.589828597277146,4.482438246732277,0.5078654543282108,0.5526397530258421,0.0650625458709746,0.5321827590099635,9.8,0.2875574950253425
2,1,3,2,0.4826,0.0004,0.0,1.0,0.4600336367387201,0.002715635539003614,0.11226875259257492,0.046445580120593306,10.237807473723135,0.0,7.412797040244911,1.7728191990441453,0.4522735599170042,0.5309935045586939,0.3328175441354716,0.6486447908504069,9.6,0.0924397950834838
2,2,1,1,0.4946,0.0003,0.7071,0.7071,0.49177306789843384,8.247271526418396e-05,0.7633915419902024,0.0015275230635848449,10.687958826145847,1.0,12.542030127180338,8.967969133241246,0.4887842895388516,0.6074849174607484,0.7518934337882548,1.1848148808691807,15.933,0.2742240366937095
2,2,1,2,0.3187,5e-05,0.7071,0.8939,0.3090927301401294,0.0009002100512995485,0.7786151123421085,0.0014086161787285327,12.638209626633582,0.8407879556432915,8.42775797123063,9.113095643490404,0.2842850008354292,0.4406371183638873,0.8058728212319051,1.2168542540041232,20.734,0.1081243693649569
2,2,2,1,0.4946,0.0003,0.7071,0.7071,0.49177306789843384,8.247271526418396e-05,0.7633915419902024,0.0015275230635848449,10.687958826145847,1.0,12.542030127180338,8.967969133241246,0.4900681379155351,0.5762778294715645,0.7602904477304312,1.032173640502021,10.867,0.2337404719735118
2,2,2,2,0.3187,5e-05,0.7071,0.8939,0.3090927301401294,0.0009002100512995485,0.7786151123421085,0.0014086161787285327,12.638209626633582,0.8407879556432915,8.42775797123063,9.113095643490404,0.2747603053572331,0.4218384853076762,0.7744434172142963,1.2323696245252476,13.466,0.1496247354151658
2,2,3,1,0.4946,0.0003,0.7071,0.7071,0.49177306789843384,8.247271526418396e-05,0.7633915419902024,0.0015275230635848449,10.687958826145847,1.0,12.542030127180338,8.967969133241246,0.4828783567317963,0.5799536136945816,0.761076024228148,1.000412237196142,12.467,0.1937548675447147
2,2,3,2,0.3187,5e-05,0.7071,0.8939,0.3090927301401294,0.0009002100512995485,0.7786151123421085,0.0014086161787285327,12.638209626633582,0.8407879556432915,8.42775797123063,9.113095643490404,0.266980781518071,0.4372728371769626,0.8158461417403353,1.2578363788626914,14.465999999999998,0.1145076256521012
2,3,1,1,0.5723,0.0003,0.0,1.0,0.5837868994013448,0.004588237576248143,0.043710065944908616,0.0019947204053346232,10.898349454278197,0.0,7.002652378368077,4.518086809800991,0.5540895641500568,0.6630352428821118,0.0912294823017134,0.5569342786330147,13.133,0.1280790051719372
2,3,1,2,0.5123,2.69e-05,0.7071,0.866,0.43710315735466404,0.0015506161781645177,0.7924599285771817,0.006670688433887718,14.217170850029383,0.8611714539238478,8.14409724691869,6.904451859805616,0.4349523710706724,0.7917304488049464,2.3090358740172663,23.569276677113365,26.8,0.2287088691594435
2,3,2,1,0.5723,0.0003,0.0,1.0,0.5837868994013448,0.004588237576248143,0.043710065944908616,0.0019947204053346232,10.898349454278197,0.0,7.002652378368077,4.518086809800991,0.554732402605076,0.7513077760596967,0.0777510526168573,0.930535240611342,14.8,0.1924315319612336
2,3,2,2,0.5123,2.69e-05,0.7071,0.866,0.43710315735466404,0.0015506161781645177,0.7924599285771817,0.006670688433887718,14.217170850029383,0.8611714539238478,8.14409724691869,6.904451859805616,0.4320529162035594,0.7359849766554742,2.296250818445642,4.573519039208137,25.134000000000004,0.2762327963039878
2,3,3,1,0.5723,0.0003,0.0,1.0,0.5837868994013448,0.004588237576248143,0.043710065944908616,0.0019947204053346232,10.898349454278197,0.0,7.002652378368077,4.518086809800991,0.5662054265017248,0.6842294469938182,0.0748667826597683,0.7179360022813186,15.8,0.1847895883475874
2,3,3,2,0.5123,2.69e-05,0.7071,0.866,0.43710315735466404,0.0015506161781645177,0.7924599285771817,0.006670688433887718,14.217170850029383,0.8611714539238478,8.14409724691869,6.904451859805616,0.413044927822628,1.1546108040703909,2.326962586680829,24.410857104512147,42.333,0.1503680341820679
3,1,1,1,0.5574,7.5e-05,0.0,1.0,0.521139795175511,0.00016912550418190635,0.05755895211369457,0.002695509353992464,12.85972889267839,0.0,11.589828597277146,4.482438246732277,0.5130279865660352,0.5887236710869825,0.0983518198107117,0.3819351332332252,5.333,0.100115348907203
3,1,1,2,0.4826,0.0004,0.0,1.0,0.4600336367387201,0.002715635539003614,0.11226875259257492,0.046445580120593306,10.237807473723135,0.0,7.412797040244911,1.7728191990441453,0.4783980314549799,0.5582337454477082,0.2269711682216094,0.575379538110621,7.000000000000001,0.1082317811581322
3,1,2,1,0.5574,7.5e-05,0.0,1.0,0.521139795175511,0.00016912550418190635,0.05755895211369457,0.002695509353992464,12.85972889267839,0.0,11.589828597277146,4.482438246732277,0.5238287806144295,0.5891259194465281,0.0479270659629562,0.7100450467309005,5.933,0.1243370968414596
3,1,2,2,0.4826,0.0004,0.0,1.0,0.4600336367387201,0.002715635539003614,0.11226875259257492,0.046445580120593306,10.237807473723135,0.0,7.412797040244911,1.7728191990441453,0.4762604192036117,0.683766456310651,0.1232247440789243,0.6708248947505482,10.933,0.1483530301800441
3,1,3,1,0.5574,7.5e-05,0.0,1.0,0.521139795175511,0.00016912550418190635,0.05755895211369457,0.002695509353992464,12.85972889267839,0.0,11.589828597277146,4.482438246732277,0.5248077409871161,0.5953873973600434,0.0274127498867905,0.6254049935098739,7.4,0.1159933873647134
3,1,3,2,0.4826,0.0004,0.0,1.0,0.4600336367387201,0.002715635539003614,0.11226875259257492,0.046445580120593306,10.237807473723135,0.0,7.412797040244911,1.7728191990441453,0.4553225075701837,0.6260851640859504,0.1202248647355256,0.4981204140536196,11.2,0.1225577893650661
3,2,1,1,0.4946,0.0003,0.7071,0.7071,0.49177306789843384,8.247271526418396e-05,0.7633915419902024,0.0015275230635848449,10.687958826145847,1.0,12.542030127180338,8.967969133241246,0.4952863519217949,0.5716799408732248,0.7816905668574332,1.2156249419105176,6.333,0.2280932197577831
3,2,1,2,0.3187,5e-05,0.7071,0.8939,0.3090927301401294,0.0009002100512995485,0.7786151123421085,0.0014086161787285327,12.638209626633582,0.8407879556432915,8.42775797123063,9.113095643490404,0.2991482864734478,0.5245055123431136,0.7831376934418077,0.9801914282616988,10.4,0.0568996801808241
3,2,2,1,0.4946,0.0003,0.7071,0.7071,0.49177306789843384,8.247271526418396e-05,0.7633915419902024,0.0015275230635848449,10.687958826145847,1.0,12.542030127180338,8.967969133241246,0.4928540650131639,0.6056184729299942,0.7579054919271995,1.213596726470966,6.133,0.210456259490296
3,2,2,2,0.3187,5e-05,0.7071,0.8939,0.3090927301401294,0.0009002100512995485,0.7786151123421085,0.0014086161787285327,12.638209626633582,0.8407879556432915,8.42775797123063,9.113095643490404,0.2955161405067412,0.5206070535316663,0.801688944791598,0.9418972798677526,8.667,0.0468125247735913
3,2,3,1,0.4946,0.0003,0.7071,0.7071,0.49177306789843384,8.247271526418396e-05,0.7633915419902024,0.0015275230635848449,10.687958826145847,1.0,12.542030127180338,8.967969133241246,0.4913089868911416,0.5693064266474345,0.7512348815078935,1.3341859440216577,5.4,0.2188030328028833
3,2,3,2,0.3187,5e-05,0.7071,0.8939,0.3090927301401294,0.0009002100512995485,0.7786151123421085,0.0014086161787285327,12.638209626633582,0.8407879556432915,8.42775797123063,9.113095643490404,0.303928389921047,0.491458614433173,0.7940610425398972,0.9448657157600604,7.399999999999999,0.0295550442924229
3,3,1,1,0.5723,0.0003,0.0,1.0,0.5837868994013448,0.004588237576248143,0.043710065944908616,0.0019947204053346232,10.898349454278197,0.0,7.002652378368077,4.518086809800991,0.5582270042733511,0.7805179362501531,0.0118377884943116,0.9756419069074416,7.533,0.0701843288540837
3,3,1,2,0.5123,2.69e-05,0.7071,0.866,0.43710315735466404,0.0015506161781645177,0.7924599285771817,0.006670688433887718,14.217170850029383,0.8611714539238478,8.14409724691869,6.904451859805616,0.3912741280739118,0.5440122681405439,2.325962357706933,4.286178413798611,10.334,0.3179234572170973
3,3,2,1,0.5723,0.0003,0.0,1.0,0.5837868994013448,0.004588237576248143,0.043710065944908616,0.0019947204053346232,10.898349454278197,0.0,7.002652378368077,4.518086809800991,0.5553571418465779,0.822540122844947,0.0126621223384273,0.9081519035356146,11.867,0.0746397722228123
3,3,2,2,0.5123,2.69e-05,0.7071,0.866,0.43710315735466404,0.0015506161781645177,0.7924599285771817,0.006670688433887718,14.217170850029383,0.8611714539238478,8.14409724691869,6.904451859805616,0.3980624785131098,0.5667274783254602,2.339146936139103,4.199903628901037,11.533,0.2846141254899507
3,3,3,1,0.5723,0.0003,0.0,1.0,0.5837868994013448,0.004588237576248143,0.043710065944908616,0.0019947204053346232,10.898349454278197,0.0,7.002652378368077,4.518086809800991,0.5539036055127282,0.6843919531335961,0.0324496039025753,0.8831592526742136,6.733,0.1313545828947148
3,3,3,2,0.5123,2.69e-05,0.7071,0.866,0.43710315735466404,0.0015506161781645177,0.7924599285771817,0.006670688433887718,14.217170850029383,0.8611714539238478,8.14409724691869,6.904451859805616,0.4053177275915772,0.4733392987108758,0.788646259802564,13.559701070263882,7.534000000000002,0.3695066816186453
4,1,1,1,0.5574,7.5e-05,0.0,1.0,0.521139795175511,0.00016912550418190635,0.05755895211369457,0.002695509353992464,12.85972889267839,0.0,11.589828597277146,4.482438246732277,0.5164149096414626,0.6177755855006415,0.0393767435726366,0.500079088614179,9.933,0.1518553116770545
4,1,1,2,0.4826,0.0004,0.0,1.0,0.4600336367387201,0.002715635539003614,0.11226875259257492,0.046445580120593306,10.237807473723135,0.0,7.412797040244911,1.7728191990441453,0.4811009887747062,0.5531151626113868,0.0276950180469864,0.31618825023626,16.733,0.1428077858032419
4,1,2,1,0.5574,7.5e-05,0.0,1.0,0.521139795175511,0.00016912550418190635,0.05755895211369457,0.002695509353992464,12.85972889267839,0.0,11.589828597277146,4.482438246732277,0.5195135825943341,0.5872809712132208,0.0188213298463859,0.515240860705859,7.933,0.1619186930996973
4,1,2,2,0.4826,0.0004,0.0,1.0,0.4600336367387201,0.002715635539003614,0.11226875259257492,0.046445580120593306,10.237807473723135,0.0,7.412797040244911,1.7728191990441453,0.4787214384169566,0.5450840101465136,0.0245875996412232,0.3857678705473218,8.799999999999999,0.1251583727330943
4,1,3,1,0.5574,7.5e-05,0.0,1.0,0.521139795175511,0.00016912550418190635,0.05755895211369457,0.002695509353992464,12.85972889267839,0.0,11.589828597277146,4.482438246732277,0.5174724110520289,0.5640603783373757,0.0615832544995978,0.4995174778179165,5.2,0.1672695134153917
4,1,3,2,0.4826,0.0004,0.0,1.0,0.4600336367387201,0.002715635539003614,0.11226875259257492,0.046445580120593306,10.237807473723135,0.0,7.412797040244911,1.7728191990441453,0.468490590513833,0.5175882007877746,0.0236019503100161,0.3640935080054575,7.733,0.1237727965882337
4,2,1,1,0.4946,0.0003,0.7071,0.7071,0.49177306789843384,8.247271526418396e-05,0.7633915419902024,0.0015275230635848449,10.687958826145847,1.0,12.542030127180338,8.967969133241246,0.4906270450148463,0.5843098164623378,0.7154071350613869,0.9710840487803531,14.333,0.2189080847333505
4,2,1,2,0.3187,5e-05,0.7071,0.8939,0.3090927301401294,0.0009002100512995485,0.7786151123421085,0.0014086161787285327,12.638209626633582,0.8407879556432915,8.42775797123063,9.113095643490404,0.3148305976235473,0.5044563828857237,0.7656234892154866,1.2222426362106502,17.534000000000002,0.2400324424179951
4,2,2,1,0.4946,0.0003,0.7071,0.7071,0.49177306789843384,8.247271526418396e-05,0.7633915419902024,0.0015275230635848449,10.687958826145847,1.0,12.542030127180338,8.967969133241246,0.5020552578153126,0.5641745124426061,0.75955556913533,0.9080922365160136,5.933,0.1540292264084822
4,2,2,2,0.3187,5e-05,0.7071,0.8939,0.3090927301401294,0.0009002100512995485,0.7786151123421085,0.0014086161787285327,12.638209626633582,0.8407879556432915,8.42775797123063,9.113095643490404,0.3195425769752757,0.4757032252764555,0.7627570827416706,1.0777785332942924,7.266999999999999,0.1146129665808214
4,2,3,1,0.4946,0.0003,0.7071,0.7071,0.49177306789843384,8.247271526418396e-05,0.7633915419902024,0.0015275230635848449,10.687958826145847,1.0,12.542030127180338,8.967969133241246,0.4864817732454115,0.554494031176704,0.7555764080742595,0.8837048481797883,6.2,0.1164688306609063
4,2,3,2,0.3187,5e-05,0.7071,0.8939,0.3090927301401294,0.0009002100512995485,0.7786151123421085,0.0014086161787285327,12.638209626633582,0.8407879556432915,8.42775797123063,9.113095643490404,0.3171413998518642,0.4498948787533909,0.7849888779053676,1.0076336118282854,10.000000000000002,0.0596163543492681
4,3,1,1,0.5723,0.0003,0.0,1.0,0.5837868994013448,0.004588237576248143,0.043710065944908616,0.0019947204053346232,10.898349454278197,0.0,7.002652378368077,4.518086809800991,0.5587531126535225,0.6246647861244242,0.0481287096996178,0.5171127729647027,11.2,0.0890978428838025
4,3,1,2,0.5123,2.69e-05,0.7071,0.866,0.43710315735466404,0.0015506161781645177,0.7924599285771817,0.006670688433887718,14.217170850029383,0.8611714539238478,8.14409724691869,6.904451859805616,0.4311161213640705,0.6649872803116981,0.7241790234615981,20.2182328484378,22.466,0.2556042484800056
4,3,2,1,0.5723,0.0003,0.0,1.0,0.5837868994013448,0.004588237576248143,0.043710065944908616,0.0019947204053346232,10.898349454278197,0.0,7.002652378368077,4.518086809800991,0.5599574563303895,0.632612976520637,0.0237579491726639,0.7596053821654871,15.0,0.1143299565130643
4,3,2,2,0.5123,2.69e-05,0.7071,0.866,0.43710315735466404,0.0015506161781645177,0.7924599285771817,0.006670688433887718,14.217170850029383,0.8611714539238478,8.14409724691869,6.904451859805616,0.4443564282195094,0.6078206989255585,0.7713942987479333,20.21018193461359,20.0,0.2564613936017177
4,3,3,1,0.5723,0.0003,0.0,1.0,0.5837868994013448,0.004588237576248143,0.043710065944908616,0.0019947204053346232,10.898349454278197,0.0,7.002652378368077,4.518086809800991,0.5599574563303895,0.632612976520637,0.0237579491726639,0.7596053821654871,15.0,0.1143299565130643
4,3,3,2,0.5123,2.69e-05,0.7071,0.866,0.43710315735466404,0.0015506161781645177,0.7924599285771817,0.006670688433887718,14.217170850029383,0.8611714539238478,8.14409724691869,6.904451859805616,0.4443564282195094,0.6078206989255585,0.7713942987479333,20.21018193461359,20.0,0.2564613936017177
5,1,1,1,0.5574,7.5e-05,0.0,1.0,0.521139795175511,0.00016912550418190635,0.05755895211369457,0.002695509353992464,12.85972889267839,0.0,11.589828597277146,4.482438246732277,0.52049661161241,0.6550433429322322,0.0655549478436374,0.4954107914012682,16.333,0.0793145248571385
5,1,1,2,0.4826,0.0004,0.0,1.0,0.4600336367387201,0.002715635539003614,0.11226875259257492,0.046445580120593306,10.237807473723135,0.0,7.412797040244911,1.7728191990441453,0.4989940427500111,1.0204638155033794,0.0342243878817457,0.7299299580438933,18.867,0.2173321324453484
5,1,2,1,0.5574,7.5e-05,0.0,1.0,0.521139795175511,0.00016912550418190635,0.05755895211369457,0.002695509353992464,12.85972889267839,0.0,11.589828597277146,4.482438246732277,0.5264795157458646,0.6447656022854158,0.0822530214614793,0.3907166183511539,6.467,0.0619340183505264
5,1,2,2,0.4826,0.0004,0.0,1.0,0.4600336367387201,0.002715635539003614,0.11226875259257492,0.046445580120593306,10.237807473723135,0.0,7.412797040244911,1.7728191990441453,0.5038791979234706,0.671209115838312,0.0428632485455394,0.4937617527853188,13.332999999999998,0.1612654414969576
5,1,3,1,0.5574,7.5e-05,0.0,1.0,0.521139795175511,0.00016912550418190635,0.05755895211369457,0.002695509353992464,12.85972889267839,0.0,11.589828597277146,4.482438246732277,0.5303818712022499,0.6358838943982484,0.0417838820243244,0.4197815434465091,7.067,0.0946489927018601
5,1,3,2,0.4826,0.0004,0.0,1.0,0.4600336367387201,0.002715635539003614,0.11226875259257492,0.046445580120593306,10.237807473723135,0.0,7.412797040244911,1.7728191990441453,0.4394926248527955,0.5738775531841735,0.0498457038411669,0.3326513164522431,9.266,0.1704848377845941
5,2,1,1,0.4946,0.0003,0.7071,0.7071,0.49177306789843384,8.247271526418396e-05,0.7633915419902024,0.0015275230635848449,10.687958826145847,1.0,12.542030127180338,8.967969133241246,0.4930056179193092,0.6100803344544552,0.8104269523585829,1.2247873207443534,16.6,0.194854323854024
5,2,1,2,0.3187,5e-05,0.7071,0.8939,0.3090927301401294,0.0009002100512995485,0.7786151123421085,0.0014086161787285327,12.638209626633582,0.8407879556432915,8.42775797123063,9.113095643490404,0.3116714626012462,0.5198915757263933,0.7777213646167105,1.2324888865165318,22.133000000000003,0.0982374643098951
5,2,2,1,0.4946,0.0003,0.7071,0.7071,0.49177306789843384,8.247271526418396e-05,0.7633915419902024,0.0015275230635848449,10.687958826145847,1.0,12.542030127180338,8.967969133241246,0.4996200930707251,0.5773821757008477,0.7913157641379084,2.1328051572138604,16.533,0.1695639615098289
5,2,2,2,0.3187,5e-05,0.7071,0.8939,0.3090927301401294,0.0009002100512995485,0.7786151123421085,0.0014086161787285327,12.638209626633582,0.8407879556432915,8.42775797123063,9.113095643490404,0.317439388545278,0.5841977657529974,0.7853570861361369,1.2002438764895762,25.6,0.0733586168561453
5,2,3,1,0.4946,0.0003,0.7071,0.7071,0.49177306789843384,8.247271526418396e-05,0.7633915419902024,0.0015275230635848449,10.687958826145847,1.0,12.542030127180338,8.967969133241246,0.4939107187539059,0.6285671483901157,0.7846592468515793,1.2434020330311828,19.667,0.1668399956206651
5,2,3,2,0.3187,5e-05,0.7071,0.8939,0.3090927301401294,0.0009002100512995485,0.7786151123421085,0.0014086161787285327,12.638209626633582,0.8407879556432915,8.42775797123063,9.113095643490404,0.3137346582703288,0.4805794629159446,0.773112661872097,1.219279010418956,29.333,0.1149810337491035
5,3,1,1,0.5723,0.0003,0.0,1.0,0.5837868994013448,0.004588237576248143,0.043710065944908616,0.0019947204053346232,10.898349454278197,0.0,7.002652378368077,4.518086809800991,0.560136746696733,0.7946533213082472,0.0132808731837786,0.9194123274336938,16.467,0.1539297189721133
5,3,1,2,0.5123,2.69e-05,0.7071,0.866,0.43710315735466404,0.0015506161781645177,0.7924599285771817,0.006670688433887718,14.217170850029383,0.8611714539238478,8.14409724691869,6.904451859805616,0.4389656082200517,0.5119163934162054,0.7677215282816913,1.0369197403704389,27.333,0.2760406725890828
5,3,2,1,0.5723,0.0003,0.0,1.0,0.5837868994013448,0.004588237576248143,0.043710065944908616,0.0019947204053346232,10.898349454278197,0.0,7.002652378368077,4.518086809800991,0.5616508198160134,0.6574360017959654,0.0586696006213096,0.7965972505955966,20.0,0.3134245563818978
5,3,2,2,0.5123,2.69e-05,0.7071,0.866,0.43710315735466404,0.0015506161781645177,0.7924599285771817,0.006670688433887718,14.217170850029383,0.8611714539238478,8.14409724691869,6.904451859805616,0.4403463239315164,0.6138817481105835,2.362935163404225,35.94001210198275,32.667,0.2386274686984585
5,3,3,1,0.5723,0.0003,0.0,1.0,0.5837868994013448,0.004588237576248143,0.043710065944908616,0.0019947204053346232,10.898349454278197,0.0,7.002652378368077,4.518086809800991,0.56440160001545,0.6253726996119908,0.0242642388156394,0.3715294831133727,14.933,0.216219362596022
5,3,3,2,0.5123,2.69e-05,0.7071,0.866,0.43710315735466404,0.0015506161781645177,0.7924599285771817,0.006670688433887718,14.217170850029383,0.8611714539238478,8.14409724691869,6.904451859805616,0.4383549529776069,0.5471867866362411,0.7542386777297209,26.150436630522847,21.067,0.3259366364893964
6,1,1,1,0.5574,7.5e-05,0.0,1.0,0.521139795175511,0.00016912550418190635,0.05755895211369457,0.002695509353992464,12.85972889267839,0.0,11.589828597277146,4.482438246732277,0.5127336760931546,0.5790853000432585,0.0475904111015142,0.3287215986934295,8.666,0.1300697231879246
6,1,1,2,0.4826,0.0004,0.0,1.0,0.4600336367387201,0.002715635539003614,0.11226875259257492,0.046445580120593306,10.237807473723135,0.0,7.412797040244911,1.7728191990441453,0.4411480632395432,0.7129723069277842,0.0497749502977148,0.3108421832104801,12.533,0.0841970440834036
6,1,2,1,0.5574,7.5e-05,0.0,1.0,0.521139795175511,0.00016912550418190635,0.05755895211369457,0.002695509353992464,12.85972889267839,0.0,11.589828597277146,4.482438246732277,0.5223690530649763,0.5818590689265329,0.0708434547026891,0.3248029171375158,6.733,0.2786496273169569
6,1,2,2,0.4826,0.0004,0.0,1.0,0.4600336367387201,0.002715635539003614,0.11226875259257492,0.046445580120593306,10.237807473723135,0.0,7.412797040244911,1.7728191990441453,0.4565266592434663,0.6450415014511133,0.0573327313887358,0.3481999113085752,7.867000000000001,0.1443040979566015
6,1,3,1,0.5574,7.5e-05,0.0,1.0,0.521139795175511,0.00016912550418190635,0.05755895211369457,0.002695509353992464,12.85972889267839,0.0,11.589828597277146,4.482438246732277,0.5221594723836771,0.5671515563408365,0.0795749889658139,0.1727449968629834,5.667,0.2427874097664945
6,1,3,2,0.4826,0.0004,0.0,1.0,0.4600336367387201,0.002715635539003614,0.11226875259257492,0.046445580120593306,10.237807473723135,0.0,7.412797040244911,1.7728191990441453,0.4486685598523703,0.7086240308884201,0.0566593887744924,0.2573145305209242,9.0,0.1393746906071157
6,2,1,1,0.4946,0.0003,0.7071,0.7071,0.49177306789843384,8.247271526418396e-05,0.7633915419902024,0.0015275230635848449,10.687958826145847,1.0,12.542030127180338,8.967969133241246,0.5006937972453823,0.5404376293968359,0.7513227352929526,0.8186475348946046,6.533,0.1067483874270449
6,2,1,2,0.3187,5e-05,0.7071,0.8939,0.3090927301401294,0.0009002100512995485,0.7786151123421085,0.0014086161787285327,12.638209626633582,0.8407879556432915,8.42775797123063,9.113095643490404,0.317187059792798,0.5287108190599304,0.7680462999274343,0.995769159710667,12.533,0.0536095854101662
6,2,2,1,0.4946,0.0003,0.7071,0.7071,0.49177306789843384,8.247271526418396e-05,0.7633915419902024,0.0015275230635848449,10.687958826145847,1.0,12.542030127180338,8.967969133241246,0.4905360955118389,0.5370739860177892,0.7738107182257415,0.9271364696600692,7.8,0.1385085108071367
6,2,2,2,0.3187,5e-05,0.7071,0.8939,0.3090927301401294,0.0009002100512995485,0.7786151123421085,0.0014086161787285327,12.638209626633582,0.8407879556432915,8.42775797123063,9.113095643490404,0.3097876416192228,0.4730121327401855,0.7791867590315645,1.0474945261632067,10.867,0.0223040123468777
6,2,3,1,0.4946,0.0003,0.7071,0.7071,0.49177306789843384,8.247271526418396e-05,0.7633915419902024,0.0015275230635848449,10.687958826145847,1.0,12.542030127180338,8.967969133241246,0.4934547380459529,0.538576870962555,0.7610056160429791,0.8667965436812061,7.067,0.0999620085806775
6,2,3,2,0.3187,5e-05,0.7071,0.8939,0.3090927301401294,0.0009002100512995485,0.7786151123421085,0.0014086161787285327,12.638209626633582,0.8407879556432915,8.42775797123063,9.113095643490404,0.2999968388166782,0.4057858179228787,0.7327423077812019,1.086174578353304,9.266,0.0426134143799314
6,3,1,1,0.5723,0.0003,0.0,1.0,0.5837868994013448,0.004588237576248143,0.043710065944908616,0.0019947204053346232,10.898349454278197,0.0,7.002652378368077,4.518086809800991,0.5579855075178924,0.842238951628006,0.0289746843451469,0.7178353707783834,14.333,0.2456664543518684
6,3,1,2,0.5123,2.69e-05,0.7071,0.866,0.43710315735466404,0.0015506161781645177,0.7924599285771817,0.006670688433887718,14.217170850029383,0.8611714539238478,8.14409724691869,6.904451859805616,0.4426111171220172,0.6243675579214818,0.7570502921106977,13.67463591930742,15.400000000000002,0.28499856039817
6,3,2,1,0.5723,0.0003,0.0,1.0,0.5837868994013448,0.004588237576248143,0.043710065944908616,0.0019947204053346232,10.898349454278197,0.0,7.002652378368077,4.518086809800991,0.5597733953127819,0.718691129070335,0.0335772321817053,0.5130723773147227,9.333,0.3232849762354511
6,3,2,2,0.5123,2.69e-05,0.7071,0.866,0.43710315735466404,0.0015506161781645177,0.7924599285771817,0.006670688433887718,14.217170850029383,0.8611714539238478,8.14409724691869,6.904451859805616,0.438546497648767,0.5552606621962378,0.7494039522857773,7.439379372144513,17.067,0.241899080872336
6,3,3,1,0.5723,0.0003,0.0,1.0,0.5837868994013448,0.004588237576248143,0.043710065944908616,0.0019947204053346232,10.898349454278197,0.0,7.002652378368077,4.518086809800991,0.6251935829805038,0.7447607700423157,0.0278233308480681,0.4047093493606252,9.067,0.1868046977263639
6,3,3,2,0.5123,2.69e-05,0.7071,0.866,0.43710315735466404,0.0015506161781645177,0.7924599285771817,0.006670688433887718,14.217170850029383,0.8611714539238478,8.14409724691869,6.904451859805616,0.4537431570833879,0.6553974706656855,0.832288590689842,1.217184121508288,15.533,0.1770871614801744
7,1,1,1,0.5574,7.5e-05,0.0,1.0,0.521139795175511,0.00016912550418190635,0.05755895211369457,0.002695509353992464,12.85972889267839,0.0,11.589828597277146,4.482438246732277,0.5164125662684826,0.5613532154933261,0.0210787108442707,0.4079792170258032,8.533,0.1016696927840904
7,1,1,2,0.4826,0.0004,0.0,1.0,0.4600336367387201,0.002715635539003614,0.11226875259257492,0.046445580120593306,10.237807473723135,0.0,7.412797040244911,1.7728191990441453,0.4126997507874216,0.4715908161488399,0.3395286029703456,0.5551801161068002,9.267,0.0964165482478587
7,1,2,1,0.5574,7.5e-05,0.0,1.0,0.521139795175511,0.00016912550418190635,0.05755895211369457,0.002695509353992464,12.85972889267839,0.0,11.589828597277146,4.482438246732277,0.5217721791165182,0.554964037033579,0.0216596477526312,0.6157396771338614,7.267,0.148862272302221
7,1,2,2,0.4826,0.0004,0.0,1.0,0.4600336367387201,0.002715635539003614,0.11226875259257492,0.046445580120593306,10.237807473723135,0.0,7.412797040244911,1.7728191990441453,0.4190918937416947,0.4656750710451545,0.343843016878886,0.6726326765650176,8.066,0.1284994243996674
7,1,3,1,0.5574,7.5e-05,0.0,1.0,0.521139795175511,0.00016912550418190635,0.05755895211369457,0.002695509353992464,12.85972889267839,0.0,11.589828597277146,4.482438246732277,0.5251342728293403,0.554727740049225,0.0325233306408058,0.5325231157681637,6.333,0.1437955082768504
7,1,3,2,0.4826,0.0004,0.0,1.0,0.4600336367387201,0.002715635539003614,0.11226875259257492,0.046445580120593306,10.237807473723135,0.0,7.412797040244911,1.7728191990441453,0.4242655697791184,0.4659653870467779,0.3453514888957721,0.4585842202453196,6.734,0.0687448404070663
7,2,1,1,0.4946,0.0003,0.7071,0.7071,0.49177306789843384,8.247271526418396e-05,0.7633915419902024,0.0015275230635848449,10.687958826145847,1.0,12.542030127180338,8.967969133241246,0.4958426375373541,0.5706956733818401,0.7967405904286131,0.9983646077567168,7.467,0.2343233753158602
7,2,1,2,0.3187,5e-05,0.7071,0.8939,0.3090927301401294,0.0009002100512995485,0.7786151123421085,0.0014086161787285327,12.638209626633582,0.8407879556432915,8.42775797123063,9.113095643490404,0.3165929402245097,0.7083408465360785,0.7699915161385819,1.2043784241678763,15.733,0.1046955346717595
7,2,2,1,0.4946,0.0003,0.7071,0.7071,0.49177306789843384,8.247271526418396e-05,0.7633915419902024,0.0015275230635848449,10.687958826145847,1.0,12.542030127180338,8.967969133241246,0.4890693489680169,0.5941672703284375,0.755482491015413,1.0474256543333302,13.6,0.1446039029823442
7,2,2,2,0.3187,5e-05,0.7071,0.8939,0.3090927301401294,0.0009002100512995485,0.7786151123421085,0.0014086161787285327,12.638209626633582,0.8407879556432915,8.42775797123063,9.113095643490404,0.3074976300721682,0.4907456515260326,0.7521847781810085,1.176262338969627,18.8,0.0790214299985586
7,2,3,1,0.4946,0.0003,0.7071,0.7071,0.49177306789843384,8.247271526418396e-05,0.7633915419902024,0.0015275230635848449,10.687958826145847,1.0,12.542030127180338,8.967969133241246,0.4894246241251047,0.5472354681439671,0.7674642342418421,0.913917754621034,8.8,0.1629447176901138
7,2,3,2,0.3187,5e-05,0.7071,0.8939,0.3090927301401294,0.0009002100512995485,0.7786151123421085,0.0014086161787285327,12.638209626633582,0.8407879556432915,8.42775797123063,9.113095643490404,0.3160689992707288,0.5097777278452646,0.7845198542786446,1.1682367374347506,8.466000000000001,0.0926561605208663
7,3,1,1,0.5723,0.0003,0.0,1.0,0.5837868994013448,0.004588237576248143,0.043710065944908616,0.0019947204053346232,10.898349454278197,0.0,7.002652378368077,4.518086809800991,0.6255563087364718,0.7177880953594951,0.0521970778368673,0.556134798207903,8.467,0.1391593077902105
7,3,1,2,0.5123,2.69e-05,0.7071,0.866,0.43710315735466404,0.0015506161781645177,0.7924599285771817,0.006670688433887718,14.217170850029383,0.8611714539238478,8.14409724691869,6.904451859805616,0.4437230460546308,0.81594746328965,0.8482479518361954,1.578584055841198,23.533,0.1574183437235932
7,3,2,1,0.5723,0.0003,0.0,1.0,0.5837868994013448,0.004588237576248143,0.043710065944908616,0.0019947204053346232,10.898349454278197,0.0,7.002652378368077,4.518086809800991,0.6209945360468159,0.7152716537842664,0.0793664689532861,0.6018851260592425,8.067,0.1609727025304727
7,3,2,2,0.5123,2.69e-05,0.7071,0.866,0.43710315735466404,0.0015506161781645177,0.7924599285771817,0.006670688433887718,14.217170850029383,0.8611714539238478,8.14409724691869,6.904451859805616,0.4452553795295459,1.380867953445437,0.8560795527496734,2.1529044130487924,24.666000000000004,0.1451004084000557
7,3,3,1,0.5723,0.0003,0.0,1.0,0.5837868994013448,0.004588237576248143,0.043710065944908616,0.0019947204053346232,10.898349454278197,0.0,7.002652378368077,4.518086809800991,0.6262142040867485,0.7712616894821661,0.0664402272792516,0.6133522450758797,10.133,0.0816770178389615
7,3,3,2,0.5123,2.69e-05,0.7071,0.866,0.43710315735466404,0.0015506161781645177,0.7924599285771817,0.006670688433887718,14.217170850029383,0.8611714539238478,8.14409724691869,6.904451859805616,0.4628434122897289,1.0329156841080651,0.8608678908517748,1.7471904695752694,15.932999999999998,0.1976743736323347
8,1,1,1,0.5574,7.5e-05,0.0,1.0,0.521139795175511,0.00016912550418190635,0.05755895211369457,0.002695509353992464,12.85972889267839,0.0,11.589828597277146,4.482438246732277,0.5180893645887744,0.5789688236695212,0.0632674877472097,0.5009452486902675,10.4,0.2875444132942016
8,1,1,2,0.4826,0.0004,0.0,1.0,0.4600336367387201,0.002715635539003614,0.11226875259257492,0.046445580120593306,10.237807473723135,0.0,7.412797040244911,1.7728191990441453,0.4291708892737251,0.6390193997683637,0.0572377894416724,0.718598039694608,14.933,0.3013120260753692
8,1,2,1,0.5574,7.5e-05,0.0,1.0,0.521139795175511,0.00016912550418190635,0.05755895211369457,0.002695509353992464,12.85972889267839,0.0,11.589828597277146,4.482438246732277,0.5281186065648511,0.6069332220994483,0.0935283035636913,0.3664677136198151,7.267,0.0792793133987372
8,1,2,2,0.4826,0.0004,0.0,1.0,0.4600336367387201,0.002715635539003614,0.11226875259257492,0.046445580120593306,10.237807473723135,0.0,7.412797040244911,1.7728191990441453,0.433621275423612,0.5481181030973139,0.0667307814036311,0.5803763732858623,10.8,0.2926552358200749
8,1,3,1,0.5574,7.5e-05,0.0,1.0,0.521139795175511,0.00016912550418190635,0.05755895211369457,0.002695509353992464,12.85972889267839,0.0,11.589828597277146,4.482438246732277,0.5230268388907017,0.5762525953677167,0.1094893257472877,0.4123430763824467,5.6,0.0676593188227434
8,1,3,2,0.4826,0.0004,0.0,1.0,0.4600336367387201,0.002715635539003614,0.11226875259257492,0.046445580120593306,10.237807473723135,0.0,7.412797040244911,1.7728191990441453,0.4972566864306603,0.788470044144646,0.0669445057749171,0.5106638269489634,9.933,0.1071462656245166
8,2,1,1,0.4946,0.0003,0.7071,0.7071,0.49177306789843384,8.247271526418396e-05,0.7633915419902024,0.0015275230635848449,10.687958826145847,1.0,12.542030127180338,8.967969133241246,0.4894389817944623,0.6263114913413839,0.770274668946578,1.205200837498516,21.6,0.1457537336726402
8,2,1,2,0.3187,5e-05,0.7071,0.8939,0.3090927301401294,0.0009002100512995485,0.7786151123421085,0.0014086161787285327,12.638209626633582,0.8407879556432915,8.42775797123063,9.113095643490404,0.3187456995788335,0.4743471132427888,0.774177816977395,1.297673917761953,18.867,0.1223912736305619
8,2,2,1,0.4946,0.0003,0.7071,0.7071,0.49177306789843384,8.247271526418396e-05,0.7633915419902024,0.0015275230635848449,10.687958826145847,1.0,12.542030127180338,8.967969133241246,0.4864135714595142,0.5588283522310945,0.7564233807052742,0.8591164709431419,7.867,0.1523743578455486
8,2,2,2,0.3187,5e-05,0.7071,0.8939,0.3090927301401294,0.0009002100512995485,0.7786151123421085,0.0014086161787285327,12.638209626633582,0.8407879556432915,8.42775797123063,9.113095643490404,0.324932329878084,0.5638094723857625,0.7658777027842358,1.328424262234846,14.533,0.0575317729179867
8,2,3,1,0.4946,0.0003,0.7071,0.7071,0.49177306789843384,8.247271526418396e-05,0.7633915419902024,0.0015275230635848449,10.687958826145847,1.0,12.542030127180338,8.967969133241246,0.4843314746121709,0.5301740826784684,0.7612416176880231,0.9295639687655844,9.8,0.1218345192207185
8,2,3,2,0.3187,5e-05,0.7071,0.8939,0.3090927301401294,0.0009002100512995485,0.7786151123421085,0.0014086161787285327,12.638209626633582,0.8407879556432915,8.42775797123063,9.113095643490404,0.313719415720481,0.4676002210977465,0.805024008582675,1.0082444364644714,15.6,0.047841173629923
8,3,1,1,0.5723,0.0003,0.0,1.0,0.5837868994013448,0.004588237576248143,0.043710065944908616,0.0019947204053346232,10.898349454278197,0.0,7.002652378368077,4.518086809800991,0.6228774238162754,0.7387424630091499,0.0617827827230913,0.5338822249091006,25.467,0.0926274669849035
8,3,1,2,0.5123,2.69e-05,0.7071,0.866,0.43710315735466404,0.0015506161781645177,0.7924599285771817,0.006670688433887718,14.217170850029383,0.8611714539238478,8.14409724691869,6.904451859805616,0.4557963073566963,1.1274114254772214,0.7670088764584968,2.4122320083691804,52.73299999999999,0.1069173831474373
8,3,2,1,0.5723,0.0003,0.0,1.0,0.5837868994013448,0.004588237576248143,0.043710065944908616,0.0019947204053346232,10.898349454278197,0.0,7.002652378368077,4.518086809800991,0.6259034403164757,1.0005810108879507,0.0467773316847156,2.530735233789441,21.0,0.2273309757884837
8,3,2,2,0.5123,2.69e-05,0.7071,0.866,0.43710315735466404,0.0015506161781645177,0.7924599285771817,0.006670688433887718,14.217170850029383,0.8611714539238478,8.14409724691869,6.904451859805616,0.4394270358091318,0.9456026754582304,0.739535309906075,1.7062830078956075,28.067,0.1888414406794645
8,3,3,1,0.5723,0.0003,0.0,1.0,0.5837868994013448,0.004588237576248143,0.043710065944908616,0.0019947204053346232,10.898349454278197,0.0,7.002652378368077,4.518086809800991,0.6300431630451996,0.7190996025979588,0.0532099404015863,0.4369392708098099,8.533,0.1842763033067751
8,3,3,2,0.5123,2.69e-05,0.7071,0.866,0.43710315735466404,0.0015506161781645177,0.7924599285771817,0.006670688433887718,14.217170850029383,0.8611714539238478,8.14409724691869,6.904451859805616,0.4009426359218984,0.6949290508251816,0.8214646308518191,1.3680100369418058,23.934,0.1956818505381577
9,1,1,1,0.5574,7.5e-05,0.0,1.0,0.521139795175511,0.00016912550418190635,0.05755895211369457,0.002695509353992464,12.85972889267839,0.0,11.589828597277146,4.482438246732277,0.5262123584637669,0.8944546347022992,0.0393249753080214,0.8751729097925297,16.6,0.1173069213804844
9,1,1,2,0.4826,0.0004,0.0,1.0,0.4600336367387201,0.002715635539003614,0.11226875259257492,0.046445580120593306,10.237807473723135,0.0,7.412797040244911,1.7728191990441453,0.4823262138843378,0.7418187083094063,0.0529473688762537,0.7313441415743469,15.332999999999998,0.2129264137050817
9,1,2,1,0.5574,7.5e-05,0.0,1.0,0.521139795175511,0.00016912550418190635,0.05755895211369457,0.002695509353992464,12.85972889267839,0.0,11.589828597277146,4.482438246732277,0.520767160062921,0.6740389980447776,0.0593722459103568,0.5057350360685009,10.8,0.114804175428315
9,1,2,2,0.4826,0.0004,0.0,1.0,0.4600336367387201,0.002715635539003614,0.11226875259257492,0.046445580120593306,10.237807473723135,0.0,7.412797040244911,1.7728191990441453,0.4821316925903129,0.7194889261706121,0.0415444849048385,0.6358955621978174,12.533,0.1855878771028764
9,1,3,1,0.5574,7.5e-05,0.0,1.0,0.521139795175511,0.00016912550418190635,0.05755895211369457,0.002695509353992464,12.85972889267839,0.0,11.589828597277146,4.482438246732277,0.5183445222050678,0.5737943173778721,0.1088063057975128,0.3400321216552288,6.8,0.1633324368601022
9,1,3,2,0.4826,0.0004,0.0,1.0,0.4600336367387201,0.002715635539003614,0.11226875259257492,0.046445580120593306,10.237807473723135,0.0,7.412797040244911,1.7728191990441453,0.483796125346204,1.133459237565842,0.0324211145613072,1.352924719570438,13.8,0.1402494103979518
9,2,1,1,0.4946,0.0003,0.7071,0.7071,0.49177306789843384,8.247271526418396e-05,0.7633915419902024,0.0015275230635848449,10.687958826145847,1.0,12.542030127180338,8.967969133241246,0.4916892926432302,0.5628214301419856,0.7732880113501507,7.42590732651498,19.133,0.2775029362544577
9,2,1,2,0.3187,5e-05,0.7071,0.8939,0.3090927301401294,0.0009002100512995485,0.7786151123421085,0.0014086161787285327,12.638209626633582,0.8407879556432915,8.42775797123063,9.113095643490404,0.3126739116076044,0.655855833655328,0.8034694862567628,8.211951390793825,33.534,0.1078962336236258
9,2,2,1,0.4946,0.0003,0.7071,0.7071,0.49177306789843384,8.247271526418396e-05,0.7633915419902024,0.0015275230635848449,10.687958826145847,1.0,12.542030127180338,8.967969133241246,0.4916158196193446,0.5527211353867907,2.345060776490852,4.227369424524968,11.533,0.3610035172295856
9,2,2,2,0.3187,5e-05,0.7071,0.8939,0.3090927301401294,0.0009002100512995485,0.7786151123421085,0.0014086161787285327,12.638209626633582,0.8407879556432915,8.42775797123063,9.113095643490404,0.3253862274282671,0.9187704621146092,2.349470115027493,4.766532098443656,19.8,0.2588001179214254
9,2,3,1,0.4946,0.0003,0.7071,0.7071,0.49177306789843384,8.247271526418396e-05,0.7633915419902024,0.0015275230635848449,10.687958826145847,1.0,12.542030127180338,8.967969133241246,0.4903100559849859,0.6231523471293484,0.7567482257365871,7.614420809995411,15.533,0.2067576363215653
9,2,3,2,0.3187,5e-05,0.7071,0.8939,0.3090927301401294,0.0009002100512995485,0.7786151123421085,0.0014086161787285327,12.638209626633582,0.8407879556432915,8.42775797123063,9.113095643490404,0.3062117752471319,0.5901812320950954,0.7753422665608521,7.661844654263605,18.200000000000003,0.1684678468939288
9,3,1,1,0.5723,0.0003,0.0,1.0,0.5837868994013448,0.004588237576248143,0.043710065944908616,0.0019947204053346232,10.898349454278197,0.0,7.002652378368077,4.518086809800991,0.6353593705140422,0.7045828202722868,0.0435293162185725,0.4528783737118413,15.0,0.137200645716207
9,3,1,2,0.5123,2.69e-05,0.7071,0.866,0.43710315735466404,0.0015506161781645177,0.7924599285771817,0.006670688433887718,14.217170850029383,0.8611714539238478,8.14409724691869,6.904451859805616,0.462275157563112,0.7670255143097924,0.8370129076643439,1.9528000384228763,41.2,0.1141051998635559
9,3,2,1,0.5723,0.0003,0.0,1.0,0.5837868994013448,0.004588237576248143,0.043710065944908616,0.0019947204053346232,10.898349454278197,0.0,7.002652378368077,4.518086809800991,0.6397983080627831,0.7518173272093585,0.0157782307226943,0.7161486872788352,13.467,0.1592031759359224
9,3,2,2,0.5123,2.69e-05,0.7071,0.866,0.43710315735466404,0.0015506161781645177,0.7924599285771817,0.006670688433887718,14.217170850029383,0.8611714539238478,8.14409724691869,6.904451859805616,0.4559194687661407,1.0567975699258318,0.7994032374699406,2.274357175900956,51.066,0.117818503785735
9,3,3,1,0.5723,0.0003,0.0,1.0,0.5837868994013448,0.004588237576248143,0.043710065944908616,0.0019947204053346232,10.898349454278197,0.0,7.002652378368077,4.518086809800991,0.6047372392204733,0.7049094233496577,0.0451411985261889,0.4084484612784221,8.2,0.1382612280122342
9,3,3,2,0.5123,2.69e-05,0.7071,0.866,0.43710315735466404,0.0015506161781645177,0.7924599285771817,0.006670688433887718,14.217170850029383,0.8611714539238478,8.14409724691869,6.904451859805616,0.4454205722685022,0.6745532793685979,0.8170727696904572,1.4263341958270812,19.867,0.1571331888852049
10,1,1,1,0.5574,7.5e-05,0.0,1.0,0.521139795175511,0.00016912550418190635,0.05755895211369457,0.002695509353992464,12.85972889267839,0.0,11.589828597277146,4.482438246732277,0.5091005034371897,0.5902863668097103,0.0402582374695342,0.5163726489090417,7.467,0.2284107651297004
10,1,1,2,0.4826,0.0004,0.0,1.0,0.4600336367387201,0.002715635539003614,0.11226875259257492,0.046445580120593306,10.237807473723135,0.0,7.412797040244911,1.7728191990441453,0.4340656157771541,0.661255623320565,0.0908910837462193,0.3223541936448114,10.733,0.1112392963305818
10,1,2,1,0.5574,7.5e-05,0.0,1.0,0.521139795175511,0.00016912550418190635,0.05755895211369457,0.002695509353992464,12.85972889267839,0.0,11.589828597277146,4.482438246732277,0.5315026417620142,0.5748030371987936,0.0565023438057693,0.3236128105289368,5.867,0.1441946321372626
10,1,2,2,0.4826,0.0004,0.0,1.0,0.4600336367387201,0.002715635539003614,0.11226875259257492,0.046445580120593306,10.237807473723135,0.0,7.412797040244911,1.7728191990441453,0.4458067071052206,0.5082774064497824,0.0932496195079389,0.2882955720869804,7.066000000000001,0.1440375216061329
10,1,3,1,0.5574,7.5e-05,0.0,1.0,0.521139795175511,0.00016912550418190635,0.05755895211369457,0.002695509353992464,12.85972889267839,0.0,11.589828597277146,4.482438246732277,0.5284679170015906,0.5561184769444041,0.0625057394744782,0.2723092090591721,5.733,0.14037404207927
10,1,3,2,0.4826,0.0004,0.0,1.0,0.4600336367387201,0.002715635539003614,0.11226875259257492,0.046445580120593306,10.237807473723135,0.0,7.412797040244911,1.7728191990441453,0.4759678608897874,0.56248623290109,0.0996955323961951,0.256808248582863,6.534000000000001,0.0753298667250393
10,2,1,1,0.4946,0.0003,0.7071,0.7071,0.49177306789843384,8.247271526418396e-05,0.7633915419902024,0.0015275230635848449,10.687958826145847,1.0,12.542030127180338,8.967969133241246,0.4914774412930873,0.5209466781939174,0.7432476605621534,0.8099241119933283,6.267,0.1016914062898266
10,2,1,2,0.3187,5e-05,0.7071,0.8939,0.3090927301401294,0.0009002100512995485,0.7786151123421085,0.0014086161787285327,12.638209626633582,0.8407879556432915,8.42775797123063,9.113095643490404,0.3170657401864792,0.5220939789549549,0.7581589007670069,1.0315349204543762,11.133,0.0609586399176432
10,2,2,1,0.4946,0.0003,0.7071,0.7071,0.49177306789843384,8.247271526418396e-05,0.7633915419902024,0.0015275230635848449,10.687958826145847,1.0,12.542030127180338,8.967969133241246,0.49416918985303,0.5216736822737308,0.7377706432297686,0.8067100706476156,5.2,0.0481839257616573
10,2,2,2,0.3187,5e-05,0.7071,0.8939,0.3090927301401294,0.0009002100512995485,0.7786151123421085,0.0014086161787285327,12.638209626633582,0.8407879556432915,8.42775797123063,9.113095643490404,0.3316537364481214,0.4827309992063252,0.7692814738778935,1.2882163687498531,13.067000000000002,0.0668939728288481
10,2,3,1,0.4946,0.0003,0.7071,0.7071,0.49177306789843384,8.247271526418396e-05,0.7633915419902024,0.0015275230635848449,10.687958826145847,1.0,12.542030127180338,8.967969133241246,0.492525070732445,0.5267330204617482,0.7623275766207804,0.8861976924256408,12.733,0.054848523921836
10,2,3,2,0.3187,5e-05,0.7071,0.8939,0.3090927301401294,0.0009002100512995485,0.7786151123421085,0.0014086161787285327,12.638209626633582,0.8407879556432915,8.42775797123063,9.113095643490404,0.3090047794128757,0.421294199840748,0.7813791263022536,0.9429169072297472,13.201,0.0389183554732152
10,3,1,1,0.5723,0.0003,0.0,1.0,0.5837868994013448,0.004588237576248143,0.043710065944908616,0.0019947204053346232,10.898349454278197,0.0,7.002652378368077,4.518086809800991,0.5579418469697358,0.6296616207711243,0.0468126496340219,0.3943617887389315,6.734,0.1278110895348379
10,3,1,2,0.5123,2.69e-05,0.7071,0.866,0.43710315735466404,0.0015506161781645177,0.7924599285771817,0.006670688433887718,14.217170850029383,0.8611714539238478,8.14409724691869,6.904451859805616,0.4370081588483217,0.5418232144702939,0.812636678256914,19.77775364086692,12.867,0.3172541748936358
10,3,2,1,0.5723,0.0003,0.0,1.0,0.5837868994013448,0.004588237576248143,0.043710065944908616,0.0019947204053346232,10.898349454278197,0.0,7.002652378368077,4.518086809800991,0.556826882522746,0.6295837635426986,0.0484998128526028,0.3301356685317935,6.867,0.1823003073762001
10,3,2,2,0.5123,2.69e-05,0.7071,0.866,0.43710315735466404,0.0015506161781645177,0.7924599285771817,0.006670688433887718,14.217170850029383,0.8611714539238478,8.14409724691869,6.904451859805616,0.4482853553262698,0.5696194547718818,0.8002492052655624,1.1057213544010565,19.6,0.1115564109570951
10,3,3,1,0.5723,0.0003,0.0,1.0,0.5837868994013448,0.004588237576248143,0.043710065944908616,0.0019947204053346232,10.898349454278197,0.0,7.002652378368077,4.518086809800991,0.5656687379553513,0.622182303208815,0.0376053433254073,0.3820817355508734,7.534,0.2374513041430606
10,3,3,2,0.5123,2.69e-05,0.7071,0.866,0.43710315735466404,0.0015506161781645177,0.7924599285771817,0.006670688433887718,14.217170850029383,0.8611714539238478,8.14409724691869,6.904451859805616,0.4577875347800549,0.6369648031319783,0.765762567261807,0.999373812182638,12.133,0.142027138038445
