part_id,task_id,trial_id,section,op_type,nom_trans_amp,nom_trans_width,nom_rot_amp,nom_rot_width,eff_trans_amp,eff_trans_width,eff_rot_amp,eff_rot_width,nom_trans_fid,nom_rot_fid,eff_trans_fid,eff_rot_fid,trans,path_trans,rot,path_rot,move_time,norm_abs_diff
2,1,1,1,kt,0.5574,7.5e-05,0.0,1.0,0.521139795175511,0.0001691255041819,0.0575589521136945,0.0026955093539924,12.85972889267839,0.0,11.589828597277146,4.482438246732277,0.5311153729652344,0.658166757886351,0.0460595009643978,1.131874561259158,29.467,0.1822121564228732
2,1,1,2,kt,0.4826,0.0004,0.0,1.0,0.4600336367387201,0.0027156355390036,0.1122687525925749,0.0464455801205933,10.237807473723135,0.0,7.412797040244911,1.7728191990441453,0.4721691101713453,0.563027023252169,0.1190039077824147,0.813020892450259,13.066999999999997,0.2028100542762939
2,1,2,1,kt,0.5574,7.5e-05,0.0,1.0,0.521139795175511,0.0001691255041819,0.0575589521136945,0.0026955093539924,12.85972889267839,0.0,11.589828597277146,4.482438246732277,0.5151590996963947,0.5832588862199352,0.053579336494275,0.7317015670674148,16.6,0.2118670398071826
2,1,2,2,kt,0.4826,0.0004,0.0,1.0,0.4600336367387201,0.0027156355390036,0.1122687525925749,0.0464455801205933,10.237807473723135,0.0,7.412797040244911,1.7728191990441453,0.4492621170319171,0.5565046488443988,0.1120437229599796,0.7112512096550017,11.533,0.2894753232960809
2,1,3,1,kt,0.5574,7.5e-05,0.0,1.0,0.521139795175511,0.0001691255041819,0.0575589521136945,0.0026955093539924,12.85972889267839,0.0,11.589828597277146,4.482438246732277,0.5078654543282108,0.5526397530258421,0.0650625458709746,0.5321827590099635,9.8,0.2875574950253425
2,1,3,2,kt,0.4826,0.0004,0.0,1.0,0.4600336367387201,0.0027156355390036,0.1122687525925749,0.0464455801205933,10.237807473723135,0.0,7.412797040244911,1.7728191990441453,0.4522735599170042,0.5309935045586939,0.3328175441354716,0.6486447908504069,9.6,0.0924397950834838
2,2,1,1,kt,0.4946,0.0003,0.7071,0.7071,0.4917730678984338,8.247271526418396e-05,0.7633915419902024,0.0015275230635848,10.687958826145849,1.0,12.542030127180338,8.967969133241246,0.4887842895388516,0.6074849174607484,0.7518934337882548,1.1848148808691807,15.933,0.2742240366937095
2,2,1,2,kt,0.3187,5e-05,0.7071,0.8939,0.3090927301401294,0.0009002100512995,0.7786151123421085,0.0014086161787285,12.638209626633582,0.8407879556432915,8.42775797123063,9.113095643490404,0.2842850008354292,0.4406371183638873,0.8058728212319051,1.2168542540041232,20.734,0.1081243693649569
2,2,2,1,kt,0.4946,0.0003,0.7071,0.7071,0.4917730678984338,8.247271526418396e-05,0.7633915419902024,0.0015275230635848,10.687958826145849,1.0,12.542030127180338,8.967969133241246,0.4900681379155351,0.5762778294715645,0.7602904477304312,1.032173640502021,10.867,0.2337404719735118
2,2,2,2,kt,0.3187,5e-05,0.7071,0.8939,0.3090927301401294,0.0009002100512995,0.7786151123421085,0.0014086161787285,12.638209626633582,0.8407879556432915,8.42775797123063,9.113095643490404,0.2747603053572331,0.4218384853076762,0.7744434172142963,1.2323696245252476,13.466,0.1496247354151658
2,2,3,1,kt,0.4946,0.0003,0.7071,0.7071,0.4917730678984338,8.247271526418396e-05,0.7633915419902024,0.0015275230635848,10.687958826145849,1.0,12.542030127180338,8.967969133241246,0.4828783567317963,0.5799536136945816,0.761076024228148,1.000412237196142,12.467,0.1937548675447147
2,2,3,2,kt,0.3187,5e-05,0.7071,0.8939,0.3090927301401294,0.0009002100512995,0.7786151123421085,0.0014086161787285,12.638209626633582,0.8407879556432915,8.42775797123063,9.113095643490404,0.266980781518071,0.4372728371769626,0.8158461417403353,1.2578363788626914,14.465999999999998,0.1145076256521012
2,3,1,1,kt,0.5723,0.0003,0.0,1.0,0.5837868994013448,0.0045882375762481,0.0437100659449086,0.0019947204053346,10.898349454278195,0.0,7.002652378368077,4.518086809800991,0.5540895641500568,0.6630352428821118,0.0912294823017134,0.5569342786330147,13.133,0.1280790051719372
2,3,1,2,kt,0.5123,2.69e-05,0.7071,0.866,0.437103157354664,0.0015506161781645,0.7924599285771817,0.0066706884338877,14.217170850029383,0.8611714539238478,8.14409724691869,6.904451859805616,0.4349523710706724,0.7917304488049464,2.3090358740172663,23.569276677113365,26.8,0.2287088691594435
2,3,2,1,kt,0.5723,0.0003,0.0,1.0,0.5837868994013448,0.0045882375762481,0.0437100659449086,0.0019947204053346,10.898349454278195,0.0,7.002652378368077,4.518086809800991,0.554732402605076,0.7513077760596967,0.0777510526168573,0.930535240611342,14.8,0.1924315319612336
2,3,2,2,kt,0.5123,2.69e-05,0.7071,0.866,0.437103157354664,0.0015506161781645,0.7924599285771817,0.0066706884338877,14.217170850029383,0.8611714539238478,8.14409724691869,6.904451859805616,0.4320529162035594,0.7359849766554742,2.296250818445642,4.573519039208137,25.134000000000004,0.2762327963039878
2,3,3,1,kt,0.5723,0.0003,0.0,1.0,0.5837868994013448,0.0045882375762481,0.0437100659449086,0.0019947204053346,10.898349454278195,0.0,7.002652378368077,4.518086809800991,0.5662054265017248,0.6842294469938182,0.0748667826597683,0.7179360022813186,15.8,0.1847895883475874
2,3,3,2,kt,0.5123,2.69e-05,0.7071,0.866,0.437103157354664,0.0015506161781645,0.7924599285771817,0.0066706884338877,14.217170850029383,0.8611714539238478,8.14409724691869,6.904451859805616,0.413044927822628,1.1546108040703909,2.326962586680829,24.410857104512147,42.333,0.1503680341820679
3,1,1,1,kt,0.5574,7.5e-05,0.0,1.0,0.521139795175511,0.0001691255041819,0.0575589521136945,0.0026955093539924,12.85972889267839,0.0,11.589828597277146,4.482438246732277,0.5130279865660352,0.5887236710869825,0.0983518198107117,0.3819351332332252,5.333,0.100115348907203
3,1,1,2,kt,0.4826,0.0004,0.0,1.0,0.4600336367387201,0.0027156355390036,0.1122687525925749,0.0464455801205933,10.237807473723135,0.0,7.412797040244911,1.7728191990441453,0.4783980314549799,0.5582337454477082,0.2269711682216094,0.575379538110621,7.000000000000001,0.1082317811581322
3,1,2,1,kt,0.5574,7.5e-05,0.0,1.0,0.521139795175511,0.0001691255041819,0.0575589521136945,0.0026955093539924,12.85972889267839,0.0,11.589828597277146,4.482438246732277,0.5238287806144295,0.5891259194465281,0.0479270659629562,0.7100450467309005,5.933,0.1243370968414596
3,1,2,2,kt,0.4826,0.0004,0.0,1.0,0.4600336367387201,0.0027156355390036,0.1122687525925749,0.0464455801205933,10.237807473723135,0.0,7.412797040244911,1.7728191990441453,0.4762604192036117,0.683766456310651,0.1232247440789243,0.6708248947505482,10.933,0.1483530301800441
3,1,3,1,kt,0.5574,7.5e-05,0.0,1.0,0.521139795175511,0.0001691255041819,0.0575589521136945,0.0026955093539924,12.85972889267839,0.0,11.589828597277146,4.482438246732277,0.5248077409871161,0.5953873973600434,0.0274127498867905,0.6254049935098739,7.4,0.1159933873647134
3,1,3,2,kt,0.4826,0.0004,0.0,1.0,0.4600336367387201,0.0027156355390036,0.1122687525925749,0.0464455801205933,10.237807473723135,0.0,7.412797040244911,1.7728191990441453,0.4553225075701837,0.6260851640859504,0.1202248647355256,0.4981204140536196,11.2,0.1225577893650661
3,2,1,1,kt,0.4946,0.0003,0.7071,0.7071,0.4917730678984338,8.247271526418396e-05,0.7633915419902024,0.0015275230635848,10.687958826145849,1.0,12.542030127180338,8.967969133241246,0.4952863519217949,0.5716799408732248,0.7816905668574332,1.2156249419105176,6.333,0.2280932197577831
3,2,1,2,kt,0.3187,5e-05,0.7071,0.8939,0.3090927301401294,0.0009002100512995,0.7786151123421085,0.0014086161787285,12.638209626633582,0.8407879556432915,8.42775797123063,9.113095643490404,0.2991482864734478,0.5245055123431136,0.7831376934418077,0.9801914282616988,10.4,0.0568996801808241
3,2,2,1,kt,0.4946,0.0003,0.7071,0.7071,0.4917730678984338,8.247271526418396e-05,0.7633915419902024,0.0015275230635848,10.687958826145849,1.0,12.542030127180338,8.967969133241246,0.4928540650131639,0.6056184729299942,0.7579054919271995,1.213596726470966,6.133,0.210456259490296
3,2,2,2,kt,0.3187,5e-05,0.7071,0.8939,0.3090927301401294,0.0009002100512995,0.7786151123421085,0.0014086161787285,12.638209626633582,0.8407879556432915,8.42775797123063,9.113095643490404,0.2955161405067412,0.5206070535316663,0.801688944791598,0.9418972798677526,8.667,0.0468125247735913
3,2,3,1,kt,0.4946,0.0003,0.7071,0.7071,0.4917730678984338,8.247271526418396e-05,0.7633915419902024,0.0015275230635848,10.687958826145849,1.0,12.542030127180338,8.967969133241246,0.4913089868911416,0.5693064266474345,0.7512348815078935,1.3341859440216577,5.4,0.2188030328028833
3,2,3,2,kt,0.3187,5e-05,0.7071,0.8939,0.3090927301401294,0.0009002100512995,0.7786151123421085,0.0014086161787285,12.638209626633582,0.8407879556432915,8.42775797123063,9.113095643490404,0.303928389921047,0.491458614433173,0.7940610425398972,0.9448657157600604,7.399999999999999,0.0295550442924229
3,3,1,1,kt,0.5723,0.0003,0.0,1.0,0.5837868994013448,0.0045882375762481,0.0437100659449086,0.0019947204053346,10.898349454278195,0.0,7.002652378368077,4.518086809800991,0.5582270042733511,0.7805179362501531,0.0118377884943116,0.9756419069074416,7.533,0.0701843288540837
3,3,1,2,kt,0.5123,2.69e-05,0.7071,0.866,0.437103157354664,0.0015506161781645,0.7924599285771817,0.0066706884338877,14.217170850029383,0.8611714539238478,8.14409724691869,6.904451859805616,0.3912741280739118,0.5440122681405439,2.325962357706933,4.286178413798611,10.334,0.3179234572170973
3,3,2,1,kt,0.5723,0.0003,0.0,1.0,0.5837868994013448,0.0045882375762481,0.0437100659449086,0.0019947204053346,10.898349454278195,0.0,7.002652378368077,4.518086809800991,0.5553571418465779,0.822540122844947,0.0126621223384273,0.9081519035356146,11.867,0.0746397722228123
3,3,2,2,kt,0.5123,2.69e-05,0.7071,0.866,0.437103157354664,0.0015506161781645,0.7924599285771817,0.0066706884338877,14.217170850029383,0.8611714539238478,8.14409724691869,6.904451859805616,0.3980624785131098,0.5667274783254602,2.339146936139103,4.199903628901037,11.533,0.2846141254899507
3,3,3,1,kt,0.5723,0.0003,0.0,1.0,0.5837868994013448,0.0045882375762481,0.0437100659449086,0.0019947204053346,10.898349454278195,0.0,7.002652378368077,4.518086809800991,0.5539036055127282,0.6843919531335961,0.0324496039025753,0.8831592526742136,6.733,0.1313545828947148
3,3,3,2,kt,0.5123,2.69e-05,0.7071,0.866,0.437103157354664,0.0015506161781645,0.7924599285771817,0.0066706884338877,14.217170850029383,0.8611714539238478,8.14409724691869,6.904451859805616,0.4053177275915772,0.4733392987108758,0.788646259802564,13.559701070263882,7.534000000000002,0.3695066816186453
4,1,1,1,kt,0.5574,7.5e-05,0.0,1.0,0.521139795175511,0.0001691255041819,0.0575589521136945,0.0026955093539924,12.85972889267839,0.0,11.589828597277146,4.482438246732277,0.5164149096414626,0.6177755855006415,0.0393767435726366,0.500079088614179,9.933,0.1518553116770545
4,1,1,2,kt,0.4826,0.0004,0.0,1.0,0.4600336367387201,0.0027156355390036,0.1122687525925749,0.0464455801205933,10.237807473723135,0.0,7.412797040244911,1.7728191990441453,0.4811009887747062,0.5531151626113868,0.0276950180469864,0.31618825023626,16.733,0.1428077858032419
4,1,2,1,kt,0.5574,7.5e-05,0.0,1.0,0.521139795175511,0.0001691255041819,0.0575589521136945,0.0026955093539924,12.85972889267839,0.0,11.589828597277146,4.482438246732277,0.5195135825943341,0.5872809712132208,0.0188213298463859,0.515240860705859,7.933,0.1619186930996973
4,1,2,2,kt,0.4826,0.0004,0.0,1.0,0.4600336367387201,0.0027156355390036,0.1122687525925749,0.0464455801205933,10.237807473723135,0.0,7.412797040244911,1.7728191990441453,0.4787214384169566,0.5450840101465136,0.0245875996412232,0.3857678705473218,8.799999999999999,0.1251583727330943
4,1,3,1,kt,0.5574,7.5e-05,0.0,1.0,0.521139795175511,0.0001691255041819,0.0575589521136945,0.0026955093539924,12.85972889267839,0.0,11.589828597277146,4.482438246732277,0.5174724110520289,0.5640603783373757,0.0615832544995978,0.4995174778179165,5.2,0.1672695134153917
4,1,3,2,kt,0.4826,0.0004,0.0,1.0,0.4600336367387201,0.0027156355390036,0.1122687525925749,0.0464455801205933,10.237807473723135,0.0,7.412797040244911,1.7728191990441453,0.468490590513833,0.5175882007877746,0.0236019503100161,0.3640935080054575,7.733,0.1237727965882337
4,2,1,1,kt,0.4946,0.0003,0.7071,0.7071,0.4917730678984338,8.247271526418396e-05,0.7633915419902024,0.0015275230635848,10.687958826145849,1.0,12.542030127180338,8.967969133241246,0.4906270450148463,0.5843098164623378,0.7154071350613869,0.9710840487803531,14.333,0.2189080847333505
4,2,1,2,kt,0.3187,5e-05,0.7071,0.8939,0.3090927301401294,0.0009002100512995,0.7786151123421085,0.0014086161787285,12.638209626633582,0.8407879556432915,8.42775797123063,9.113095643490404,0.3148305976235473,0.5044563828857237,0.7656234892154866,1.2222426362106502,17.534000000000002,0.2400324424179951
4,2,2,1,kt,0.4946,0.0003,0.7071,0.7071,0.4917730678984338,8.247271526418396e-05,0.7633915419902024,0.0015275230635848,10.687958826145849,1.0,12.542030127180338,8.967969133241246,0.5020552578153126,0.5641745124426061,0.75955556913533,0.9080922365160136,5.933,0.1540292264084822
4,2,2,2,kt,0.3187,5e-05,0.7071,0.8939,0.3090927301401294,0.0009002100512995,0.7786151123421085,0.0014086161787285,12.638209626633582,0.8407879556432915,8.42775797123063,9.113095643490404,0.3195425769752757,0.4757032252764555,0.7627570827416706,1.0777785332942924,7.266999999999999,0.1146129665808214
4,2,3,1,kt,0.4946,0.0003,0.7071,0.7071,0.4917730678984338,8.247271526418396e-05,0.7633915419902024,0.0015275230635848,10.687958826145849,1.0,12.542030127180338,8.967969133241246,0.4864817732454115,0.554494031176704,0.7555764080742595,0.8837048481797883,6.2,0.1164688306609063
4,2,3,2,kt,0.3187,5e-05,0.7071,0.8939,0.3090927301401294,0.0009002100512995,0.7786151123421085,0.0014086161787285,12.638209626633582,0.8407879556432915,8.42775797123063,9.113095643490404,0.3171413998518642,0.4498948787533909,0.7849888779053676,1.0076336118282854,10.000000000000002,0.0596163543492681
4,3,1,1,kt,0.5723,0.0003,0.0,1.0,0.5837868994013448,0.0045882375762481,0.0437100659449086,0.0019947204053346,10.898349454278195,0.0,7.002652378368077,4.518086809800991,0.5587531126535225,0.6246647861244242,0.0481287096996178,0.5171127729647027,11.2,0.0890978428838025
4,3,1,2,kt,0.5123,2.69e-05,0.7071,0.866,0.437103157354664,0.0015506161781645,0.7924599285771817,0.0066706884338877,14.217170850029383,0.8611714539238478,8.14409724691869,6.904451859805616,0.4311161213640705,0.6649872803116981,0.7241790234615981,20.2182328484378,22.466,0.2556042484800056
4,3,2,1,kt,0.5723,0.0003,0.0,1.0,0.5837868994013448,0.0045882375762481,0.0437100659449086,0.0019947204053346,10.898349454278195,0.0,7.002652378368077,4.518086809800991,0.5599574563303895,0.632612976520637,0.0237579491726639,0.7596053821654871,15.0,0.1143299565130643
4,3,2,2,kt,0.5123,2.69e-05,0.7071,0.866,0.437103157354664,0.0015506161781645,0.7924599285771817,0.0066706884338877,14.217170850029383,0.8611714539238478,8.14409724691869,6.904451859805616,0.4443564282195094,0.6078206989255585,0.7713942987479333,20.21018193461359,20.0,0.2564613936017177
4,3,3,1,kt,0.5723,0.0003,0.0,1.0,0.5837868994013448,0.0045882375762481,0.0437100659449086,0.0019947204053346,10.898349454278195,0.0,7.002652378368077,4.518086809800991,0.5599574563303895,0.632612976520637,0.0237579491726639,0.7596053821654871,15.0,0.1143299565130643
4,3,3,2,kt,0.5123,2.69e-05,0.7071,0.866,0.437103157354664,0.0015506161781645,0.7924599285771817,0.0066706884338877,14.217170850029383,0.8611714539238478,8.14409724691869,6.904451859805616,0.4443564282195094,0.6078206989255585,0.7713942987479333,20.21018193461359,20.0,0.2564613936017177
5,1,1,1,kt,0.5574,7.5e-05,0.0,1.0,0.521139795175511,0.0001691255041819,0.0575589521136945,0.0026955093539924,12.85972889267839,0.0,11.589828597277146,4.482438246732277,0.52049661161241,0.6550433429322322,0.0655549478436374,0.4954107914012682,16.333,0.0793145248571385
5,1,1,2,kt,0.4826,0.0004,0.0,1.0,0.4600336367387201,0.0027156355390036,0.1122687525925749,0.0464455801205933,10.237807473723135,0.0,7.412797040244911,1.7728191990441453,0.4989940427500111,1.0204638155033794,0.0342243878817457,0.7299299580438933,18.867,0.2173321324453484
5,1,2,1,kt,0.5574,7.5e-05,0.0,1.0,0.521139795175511,0.0001691255041819,0.0575589521136945,0.0026955093539924,12.85972889267839,0.0,11.589828597277146,4.482438246732277,0.5264795157458646,0.6447656022854158,0.0822530214614793,0.3907166183511539,6.467,0.0619340183505264
5,1,2,2,kt,0.4826,0.0004,0.0,1.0,0.4600336367387201,0.0027156355390036,0.1122687525925749,0.0464455801205933,10.237807473723135,0.0,7.412797040244911,1.7728191990441453,0.5038791979234706,0.671209115838312,0.0428632485455394,0.4937617527853188,13.332999999999998,0.1612654414969576
5,1,3,1,kt,0.5574,7.5e-05,0.0,1.0,0.521139795175511,0.0001691255041819,0.0575589521136945,0.0026955093539924,12.85972889267839,0.0,11.589828597277146,4.482438246732277,0.5303818712022499,0.6358838943982484,0.0417838820243244,0.4197815434465091,7.067,0.0946489927018601
5,1,3,2,kt,0.4826,0.0004,0.0,1.0,0.4600336367387201,0.0027156355390036,0.1122687525925749,0.0464455801205933,10.237807473723135,0.0,7.412797040244911,1.7728191990441453,0.4394926248527955,0.5738775531841735,0.0498457038411669,0.3326513164522431,9.266,0.1704848377845941
5,2,1,1,kt,0.4946,0.0003,0.7071,0.7071,0.4917730678984338,8.247271526418396e-05,0.7633915419902024,0.0015275230635848,10.687958826145849,1.0,12.542030127180338,8.967969133241246,0.4930056179193092,0.6100803344544552,0.8104269523585829,1.2247873207443534,16.6,0.194854323854024
5,2,1,2,kt,0.3187,5e-05,0.7071,0.8939,0.3090927301401294,0.0009002100512995,0.7786151123421085,0.0014086161787285,12.638209626633582,0.8407879556432915,8.42775797123063,9.113095643490404,0.3116714626012462,0.5198915757263933,0.7777213646167105,1.2324888865165318,22.133000000000003,0.0982374643098951
5,2,2,1,kt,0.4946,0.0003,0.7071,0.7071,0.4917730678984338,8.247271526418396e-05,0.7633915419902024,0.0015275230635848,10.687958826145849,1.0,12.542030127180338,8.967969133241246,0.4996200930707251,0.5773821757008477,0.7913157641379084,2.1328051572138604,16.533,0.1695639615098289
5,2,2,2,kt,0.3187,5e-05,0.7071,0.8939,0.3090927301401294,0.0009002100512995,0.7786151123421085,0.0014086161787285,12.638209626633582,0.8407879556432915,8.42775797123063,9.113095643490404,0.317439388545278,0.5841977657529974,0.7853570861361369,1.2002438764895762,25.6,0.0733586168561453
5,2,3,1,kt,0.4946,0.0003,0.7071,0.7071,0.4917730678984338,8.247271526418396e-05,0.7633915419902024,0.0015275230635848,10.687958826145849,1.0,12.542030127180338,8.967969133241246,0.4939107187539059,0.6285671483901157,0.7846592468515793,1.2434020330311828,19.667,0.1668399956206651
5,2,3,2,kt,0.3187,5e-05,0.7071,0.8939,0.3090927301401294,0.0009002100512995,0.7786151123421085,0.0014086161787285,12.638209626633582,0.8407879556432915,8.42775797123063,9.113095643490404,0.3137346582703288,0.4805794629159446,0.773112661872097,1.219279010418956,29.333,0.1149810337491035
5,3,1,1,kt,0.5723,0.0003,0.0,1.0,0.5837868994013448,0.0045882375762481,0.0437100659449086,0.0019947204053346,10.898349454278195,0.0,7.002652378368077,4.518086809800991,0.560136746696733,0.7946533213082472,0.0132808731837786,0.9194123274336938,16.467,0.1539297189721133
5,3,1,2,kt,0.5123,2.69e-05,0.7071,0.866,0.437103157354664,0.0015506161781645,0.7924599285771817,0.0066706884338877,14.217170850029383,0.8611714539238478,8.14409724691869,6.904451859805616,0.4389656082200517,0.5119163934162054,0.7677215282816913,1.0369197403704389,27.333,0.2760406725890828
5,3,2,1,kt,0.5723,0.0003,0.0,1.0,0.5837868994013448,0.0045882375762481,0.0437100659449086,0.0019947204053346,10.898349454278195,0.0,7.002652378368077,4.518086809800991,0.5616508198160134,0.6574360017959654,0.0586696006213096,0.7965972505955966,20.0,0.3134245563818978
5,3,2,2,kt,0.5123,2.69e-05,0.7071,0.866,0.437103157354664,0.0015506161781645,0.7924599285771817,0.0066706884338877,14.217170850029383,0.8611714539238478,8.14409724691869,6.904451859805616,0.4403463239315164,0.6138817481105835,2.362935163404225,35.94001210198275,32.667,0.2386274686984585
5,3,3,1,kt,0.5723,0.0003,0.0,1.0,0.5837868994013448,0.0045882375762481,0.0437100659449086,0.0019947204053346,10.898349454278195,0.0,7.002652378368077,4.518086809800991,0.56440160001545,0.6253726996119908,0.0242642388156394,0.3715294831133727,14.933,0.216219362596022
5,3,3,2,kt,0.5123,2.69e-05,0.7071,0.866,0.437103157354664,0.0015506161781645,0.7924599285771817,0.0066706884338877,14.217170850029383,0.8611714539238478,8.14409724691869,6.904451859805616,0.4383549529776069,0.5471867866362411,0.7542386777297209,26.150436630522847,21.067,0.3259366364893964
6,1,1,1,kt,0.5574,7.5e-05,0.0,1.0,0.521139795175511,0.0001691255041819,0.0575589521136945,0.0026955093539924,12.85972889267839,0.0,11.589828597277146,4.482438246732277,0.5127336760931546,0.5790853000432585,0.0475904111015142,0.3287215986934295,8.666,0.1300697231879246
6,1,1,2,kt,0.4826,0.0004,0.0,1.0,0.4600336367387201,0.0027156355390036,0.1122687525925749,0.0464455801205933,10.237807473723135,0.0,7.412797040244911,1.7728191990441453,0.4411480632395432,0.7129723069277842,0.0497749502977148,0.3108421832104801,12.533,0.0841970440834036
6,1,2,1,kt,0.5574,7.5e-05,0.0,1.0,0.521139795175511,0.0001691255041819,0.0575589521136945,0.0026955093539924,12.85972889267839,0.0,11.589828597277146,4.482438246732277,0.5223690530649763,0.5818590689265329,0.0708434547026891,0.3248029171375158,6.733,0.2786496273169569
6,1,2,2,kt,0.4826,0.0004,0.0,1.0,0.4600336367387201,0.0027156355390036,0.1122687525925749,0.0464455801205933,10.237807473723135,0.0,7.412797040244911,1.7728191990441453,0.4565266592434663,0.6450415014511133,0.0573327313887358,0.3481999113085752,7.867000000000001,0.1443040979566015
6,1,3,1,kt,0.5574,7.5e-05,0.0,1.0,0.521139795175511,0.0001691255041819,0.0575589521136945,0.0026955093539924,12.85972889267839,0.0,11.589828597277146,4.482438246732277,0.5221594723836771,0.5671515563408365,0.0795749889658139,0.1727449968629834,5.667,0.2427874097664945
6,1,3,2,kt,0.4826,0.0004,0.0,1.0,0.4600336367387201,0.0027156355390036,0.1122687525925749,0.0464455801205933,10.237807473723135,0.0,7.412797040244911,1.7728191990441453,0.4486685598523703,0.7086240308884201,0.0566593887744924,0.2573145305209242,9.0,0.1393746906071157
6,2,1,1,kt,0.4946,0.0003,0.7071,0.7071,0.4917730678984338,8.247271526418396e-05,0.7633915419902024,0.0015275230635848,10.687958826145849,1.0,12.542030127180338,8.967969133241246,0.5006937972453823,0.5404376293968359,0.7513227352929526,0.8186475348946046,6.533,0.1067483874270449
6,2,1,2,kt,0.3187,5e-05,0.7071,0.8939,0.3090927301401294,0.0009002100512995,0.7786151123421085,0.0014086161787285,12.638209626633582,0.8407879556432915,8.42775797123063,9.113095643490404,0.317187059792798,0.5287108190599304,0.7680462999274343,0.995769159710667,12.533,0.0536095854101662
6,2,2,1,kt,0.4946,0.0003,0.7071,0.7071,0.4917730678984338,8.247271526418396e-05,0.7633915419902024,0.0015275230635848,10.687958826145849,1.0,12.542030127180338,8.967969133241246,0.4905360955118389,0.5370739860177892,0.7738107182257415,0.9271364696600692,7.8,0.1385085108071367
6,2,2,2,kt,0.3187,5e-05,0.7071,0.8939,0.3090927301401294,0.0009002100512995,0.7786151123421085,0.0014086161787285,12.638209626633582,0.8407879556432915,8.42775797123063,9.113095643490404,0.3097876416192228,0.4730121327401855,0.7791867590315645,1.0474945261632067,10.867,0.0223040123468777
6,2,3,1,kt,0.4946,0.0003,0.7071,0.7071,0.4917730678984338,8.247271526418396e-05,0.7633915419902024,0.0015275230635848,10.687958826145849,1.0,12.542030127180338,8.967969133241246,0.4934547380459529,0.538576870962555,0.7610056160429791,0.8667965436812061,7.067,0.0999620085806775
6,2,3,2,kt,0.3187,5e-05,0.7071,0.8939,0.3090927301401294,0.0009002100512995,0.7786151123421085,0.0014086161787285,12.638209626633582,0.8407879556432915,8.42775797123063,9.113095643490404,0.2999968388166782,0.4057858179228787,0.7327423077812019,1.086174578353304,9.266,0.0426134143799314
6,3,1,1,kt,0.5723,0.0003,0.0,1.0,0.5837868994013448,0.0045882375762481,0.0437100659449086,0.0019947204053346,10.898349454278195,0.0,7.002652378368077,4.518086809800991,0.5579855075178924,0.842238951628006,0.0289746843451469,0.7178353707783834,14.333,0.2456664543518684
6,3,1,2,kt,0.5123,2.69e-05,0.7071,0.866,0.437103157354664,0.0015506161781645,0.7924599285771817,0.0066706884338877,14.217170850029383,0.8611714539238478,8.14409724691869,6.904451859805616,0.4426111171220172,0.6243675579214818,0.7570502921106977,13.67463591930742,15.400000000000002,0.28499856039817
6,3,2,1,kt,0.5723,0.0003,0.0,1.0,0.5837868994013448,0.0045882375762481,0.0437100659449086,0.0019947204053346,10.898349454278195,0.0,7.002652378368077,4.518086809800991,0.5597733953127819,0.718691129070335,0.0335772321817053,0.5130723773147227,9.333,0.3232849762354511
6,3,2,2,kt,0.5123,2.69e-05,0.7071,0.866,0.437103157354664,0.0015506161781645,0.7924599285771817,0.0066706884338877,14.217170850029383,0.8611714539238478,8.14409724691869,6.904451859805616,0.438546497648767,0.5552606621962378,0.7494039522857773,7.439379372144513,17.067,0.241899080872336
6,3,3,1,kt,0.5723,0.0003,0.0,1.0,0.5837868994013448,0.0045882375762481,0.0437100659449086,0.0019947204053346,10.898349454278195,0.0,7.002652378368077,4.518086809800991,0.6251935829805038,0.7447607700423157,0.0278233308480681,0.4047093493606252,9.067,0.1868046977263639
6,3,3,2,kt,0.5123,2.69e-05,0.7071,0.866,0.437103157354664,0.0015506161781645,0.7924599285771817,0.0066706884338877,14.217170850029383,0.8611714539238478,8.14409724691869,6.904451859805616,0.4537431570833879,0.6553974706656855,0.832288590689842,1.217184121508288,15.533,0.1770871614801744
7,1,1,1,kt,0.5574,7.5e-05,0.0,1.0,0.521139795175511,0.0001691255041819,0.0575589521136945,0.0026955093539924,12.85972889267839,0.0,11.589828597277146,4.482438246732277,0.5164125662684826,0.5613532154933261,0.0210787108442707,0.4079792170258032,8.533,0.1016696927840904
7,1,1,2,kt,0.4826,0.0004,0.0,1.0,0.4600336367387201,0.0027156355390036,0.1122687525925749,0.0464455801205933,10.237807473723135,0.0,7.412797040244911,1.7728191990441453,0.4126997507874216,0.4715908161488399,0.3395286029703456,0.5551801161068002,9.267,0.0964165482478587
7,1,2,1,kt,0.5574,7.5e-05,0.0,1.0,0.521139795175511,0.0001691255041819,0.0575589521136945,0.0026955093539924,12.85972889267839,0.0,11.589828597277146,4.482438246732277,0.5217721791165182,0.554964037033579,0.0216596477526312,0.6157396771338614,7.267,0.148862272302221
7,1,2,2,kt,0.4826,0.0004,0.0,1.0,0.4600336367387201,0.0027156355390036,0.1122687525925749,0.0464455801205933,10.237807473723135,0.0,7.412797040244911,1.7728191990441453,0.4190918937416947,0.4656750710451545,0.343843016878886,0.6726326765650176,8.066,0.1284994243996674
7,1,3,1,kt,0.5574,7.5e-05,0.0,1.0,0.521139795175511,0.0001691255041819,0.0575589521136945,0.0026955093539924,12.85972889267839,0.0,11.589828597277146,4.482438246732277,0.5251342728293403,0.554727740049225,0.0325233306408058,0.5325231157681637,6.333,0.1437955082768504
7,1,3,2,kt,0.4826,0.0004,0.0,1.0,0.4600336367387201,0.0027156355390036,0.1122687525925749,0.0464455801205933,10.237807473723135,0.0,7.412797040244911,1.7728191990441453,0.4242655697791184,0.4659653870467779,0.3453514888957721,0.4585842202453196,6.734,0.0687448404070663
7,2,1,1,kt,0.4946,0.0003,0.7071,0.7071,0.4917730678984338,8.247271526418396e-05,0.7633915419902024,0.0015275230635848,10.687958826145849,1.0,12.542030127180338,8.967969133241246,0.4958426375373541,0.5706956733818401,0.7967405904286131,0.9983646077567168,7.467,0.2343233753158602
7,2,1,2,kt,0.3187,5e-05,0.7071,0.8939,0.3090927301401294,0.0009002100512995,0.7786151123421085,0.0014086161787285,12.638209626633582,0.8407879556432915,8.42775797123063,9.113095643490404,0.3165929402245097,0.7083408465360785,0.7699915161385819,1.2043784241678763,15.733,0.1046955346717595
7,2,2,1,kt,0.4946,0.0003,0.7071,0.7071,0.4917730678984338,8.247271526418396e-05,0.7633915419902024,0.0015275230635848,10.687958826145849,1.0,12.542030127180338,8.967969133241246,0.4890693489680169,0.5941672703284375,0.755482491015413,1.0474256543333302,13.6,0.1446039029823442
7,2,2,2,kt,0.3187,5e-05,0.7071,0.8939,0.3090927301401294,0.0009002100512995,0.7786151123421085,0.0014086161787285,12.638209626633582,0.8407879556432915,8.42775797123063,9.113095643490404,0.3074976300721682,0.4907456515260326,0.7521847781810085,1.176262338969627,18.8,0.0790214299985586
7,2,3,1,kt,0.4946,0.0003,0.7071,0.7071,0.4917730678984338,8.247271526418396e-05,0.7633915419902024,0.0015275230635848,10.687958826145849,1.0,12.542030127180338,8.967969133241246,0.4894246241251047,0.5472354681439671,0.7674642342418421,0.913917754621034,8.8,0.1629447176901138
7,2,3,2,kt,0.3187,5e-05,0.7071,0.8939,0.3090927301401294,0.0009002100512995,0.7786151123421085,0.0014086161787285,12.638209626633582,0.8407879556432915,8.42775797123063,9.113095643490404,0.3160689992707288,0.5097777278452646,0.7845198542786446,1.1682367374347506,8.466000000000001,0.0926561605208663
7,3,1,1,kt,0.5723,0.0003,0.0,1.0,0.5837868994013448,0.0045882375762481,0.0437100659449086,0.0019947204053346,10.898349454278195,0.0,7.002652378368077,4.518086809800991,0.6255563087364718,0.7177880953594951,0.0521970778368673,0.556134798207903,8.467,0.1391593077902105
7,3,1,2,kt,0.5123,2.69e-05,0.7071,0.866,0.437103157354664,0.0015506161781645,0.7924599285771817,0.0066706884338877,14.217170850029383,0.8611714539238478,8.14409724691869,6.904451859805616,0.4437230460546308,0.81594746328965,0.8482479518361954,1.578584055841198,23.533,0.1574183437235932
7,3,2,1,kt,0.5723,0.0003,0.0,1.0,0.5837868994013448,0.0045882375762481,0.0437100659449086,0.0019947204053346,10.898349454278195,0.0,7.002652378368077,4.518086809800991,0.6209945360468159,0.7152716537842664,0.0793664689532861,0.6018851260592425,8.067,0.1609727025304727
7,3,2,2,kt,0.5123,2.69e-05,0.7071,0.866,0.437103157354664,0.0015506161781645,0.7924599285771817,0.0066706884338877,14.217170850029383,0.8611714539238478,8.14409724691869,6.904451859805616,0.4452553795295459,1.380867953445437,0.8560795527496734,2.1529044130487924,24.666000000000004,0.1451004084000557
7,3,3,1,kt,0.5723,0.0003,0.0,1.0,0.5837868994013448,0.0045882375762481,0.0437100659449086,0.0019947204053346,10.898349454278195,0.0,7.002652378368077,4.518086809800991,0.6262142040867485,0.7712616894821661,0.0664402272792516,0.6133522450758797,10.133,0.0816770178389615
7,3,3,2,kt,0.5123,2.69e-05,0.7071,0.866,0.437103157354664,0.0015506161781645,0.7924599285771817,0.0066706884338877,14.217170850029383,0.8611714539238478,8.14409724691869,6.904451859805616,0.4628434122897289,1.0329156841080651,0.8608678908517748,1.7471904695752694,15.932999999999998,0.1976743736323347
8,1,1,1,kt,0.5574,7.5e-05,0.0,1.0,0.521139795175511,0.0001691255041819,0.0575589521136945,0.0026955093539924,12.85972889267839,0.0,11.589828597277146,4.482438246732277,0.5180893645887744,0.5789688236695212,0.0632674877472097,0.5009452486902675,10.4,0.2875444132942016
8,1,1,2,kt,0.4826,0.0004,0.0,1.0,0.4600336367387201,0.0027156355390036,0.1122687525925749,0.0464455801205933,10.237807473723135,0.0,7.412797040244911,1.7728191990441453,0.4291708892737251,0.6390193997683637,0.0572377894416724,0.718598039694608,14.933,0.3013120260753692
8,1,2,1,kt,0.5574,7.5e-05,0.0,1.0,0.521139795175511,0.0001691255041819,0.0575589521136945,0.0026955093539924,12.85972889267839,0.0,11.589828597277146,4.482438246732277,0.5281186065648511,0.6069332220994483,0.0935283035636913,0.3664677136198151,7.267,0.0792793133987372
8,1,2,2,kt,0.4826,0.0004,0.0,1.0,0.4600336367387201,0.0027156355390036,0.1122687525925749,0.0464455801205933,10.237807473723135,0.0,7.412797040244911,1.7728191990441453,0.433621275423612,0.5481181030973139,0.0667307814036311,0.5803763732858623,10.8,0.2926552358200749
8,1,3,1,kt,0.5574,7.5e-05,0.0,1.0,0.521139795175511,0.0001691255041819,0.0575589521136945,0.0026955093539924,12.85972889267839,0.0,11.589828597277146,4.482438246732277,0.5230268388907017,0.5762525953677167,0.1094893257472877,0.4123430763824467,5.6,0.0676593188227434
8,1,3,2,kt,0.4826,0.0004,0.0,1.0,0.4600336367387201,0.0027156355390036,0.1122687525925749,0.0464455801205933,10.237807473723135,0.0,7.412797040244911,1.7728191990441453,0.4972566864306603,0.788470044144646,0.0669445057749171,0.5106638269489634,9.933,0.1071462656245166
8,2,1,1,kt,0.4946,0.0003,0.7071,0.7071,0.4917730678984338,8.247271526418396e-05,0.7633915419902024,0.0015275230635848,10.687958826145849,1.0,12.542030127180338,8.967969133241246,0.4894389817944623,0.6263114913413839,0.770274668946578,1.205200837498516,21.6,0.1457537336726402
8,2,1,2,kt,0.3187,5e-05,0.7071,0.8939,0.3090927301401294,0.0009002100512995,0.7786151123421085,0.0014086161787285,12.638209626633582,0.8407879556432915,8.42775797123063,9.113095643490404,0.3187456995788335,0.4743471132427888,0.774177816977395,1.297673917761953,18.867,0.1223912736305619
8,2,2,1,kt,0.4946,0.0003,0.7071,0.7071,0.4917730678984338,8.247271526418396e-05,0.7633915419902024,0.0015275230635848,10.687958826145849,1.0,12.542030127180338,8.967969133241246,0.4864135714595142,0.5588283522310945,0.7564233807052742,0.8591164709431419,7.867,0.1523743578455486
8,2,2,2,kt,0.3187,5e-05,0.7071,0.8939,0.3090927301401294,0.0009002100512995,0.7786151123421085,0.0014086161787285,12.638209626633582,0.8407879556432915,8.42775797123063,9.113095643490404,0.324932329878084,0.5638094723857625,0.7658777027842358,1.328424262234846,14.533,0.0575317729179867
8,2,3,1,kt,0.4946,0.0003,0.7071,0.7071,0.4917730678984338,8.247271526418396e-05,0.7633915419902024,0.0015275230635848,10.687958826145849,1.0,12.542030127180338,8.967969133241246,0.4843314746121709,0.5301740826784684,0.7612416176880231,0.9295639687655844,9.8,0.1218345192207185
8,2,3,2,kt,0.3187,5e-05,0.7071,0.8939,0.3090927301401294,0.0009002100512995,0.7786151123421085,0.0014086161787285,12.638209626633582,0.8407879556432915,8.42775797123063,9.113095643490404,0.313719415720481,0.4676002210977465,0.805024008582675,1.0082444364644714,15.6,0.047841173629923
8,3,1,1,kt,0.5723,0.0003,0.0,1.0,0.5837868994013448,0.0045882375762481,0.0437100659449086,0.0019947204053346,10.898349454278195,0.0,7.002652378368077,4.518086809800991,0.6228774238162754,0.7387424630091499,0.0617827827230913,0.5338822249091006,25.467,0.0926274669849035
8,3,1,2,kt,0.5123,2.69e-05,0.7071,0.866,0.437103157354664,0.0015506161781645,0.7924599285771817,0.0066706884338877,14.217170850029383,0.8611714539238478,8.14409724691869,6.904451859805616,0.4557963073566963,1.1274114254772214,0.7670088764584968,2.4122320083691804,52.73299999999999,0.1069173831474373
8,3,2,1,kt,0.5723,0.0003,0.0,1.0,0.5837868994013448,0.0045882375762481,0.0437100659449086,0.0019947204053346,10.898349454278195,0.0,7.002652378368077,4.518086809800991,0.6259034403164757,1.0005810108879507,0.0467773316847156,2.530735233789441,21.0,0.2273309757884837
8,3,2,2,kt,0.5123,2.69e-05,0.7071,0.866,0.437103157354664,0.0015506161781645,0.7924599285771817,0.0066706884338877,14.217170850029383,0.8611714539238478,8.14409724691869,6.904451859805616,0.4394270358091318,0.9456026754582304,0.739535309906075,1.7062830078956075,28.067,0.1888414406794645
8,3,3,1,kt,0.5723,0.0003,0.0,1.0,0.5837868994013448,0.0045882375762481,0.0437100659449086,0.0019947204053346,10.898349454278195,0.0,7.002652378368077,4.518086809800991,0.6300431630451996,0.7190996025979588,0.0532099404015863,0.4369392708098099,8.533,0.1842763033067751
8,3,3,2,kt,0.5123,2.69e-05,0.7071,0.866,0.437103157354664,0.0015506161781645,0.7924599285771817,0.0066706884338877,14.217170850029383,0.8611714539238478,8.14409724691869,6.904451859805616,0.4009426359218984,0.6949290508251816,0.8214646308518191,1.3680100369418058,23.934,0.1956818505381577
9,1,1,1,kt,0.5574,7.5e-05,0.0,1.0,0.521139795175511,0.0001691255041819,0.0575589521136945,0.0026955093539924,12.85972889267839,0.0,11.589828597277146,4.482438246732277,0.5262123584637669,0.8944546347022992,0.0393249753080214,0.8751729097925297,16.6,0.1173069213804844
9,1,1,2,kt,0.4826,0.0004,0.0,1.0,0.4600336367387201,0.0027156355390036,0.1122687525925749,0.0464455801205933,10.237807473723135,0.0,7.412797040244911,1.7728191990441453,0.4823262138843378,0.7418187083094063,0.0529473688762537,0.7313441415743469,15.332999999999998,0.2129264137050817
9,1,2,1,kt,0.5574,7.5e-05,0.0,1.0,0.521139795175511,0.0001691255041819,0.0575589521136945,0.0026955093539924,12.85972889267839,0.0,11.589828597277146,4.482438246732277,0.520767160062921,0.6740389980447776,0.0593722459103568,0.5057350360685009,10.8,0.114804175428315
9,1,2,2,kt,0.4826,0.0004,0.0,1.0,0.4600336367387201,0.0027156355390036,0.1122687525925749,0.0464455801205933,10.237807473723135,0.0,7.412797040244911,1.7728191990441453,0.4821316925903129,0.7194889261706121,0.0415444849048385,0.6358955621978174,12.533,0.1855878771028764
9,1,3,1,kt,0.5574,7.5e-05,0.0,1.0,0.521139795175511,0.0001691255041819,0.0575589521136945,0.0026955093539924,12.85972889267839,0.0,11.589828597277146,4.482438246732277,0.5183445222050678,0.5737943173778721,0.1088063057975128,0.3400321216552288,6.8,0.1633324368601022
9,1,3,2,kt,0.4826,0.0004,0.0,1.0,0.4600336367387201,0.0027156355390036,0.1122687525925749,0.0464455801205933,10.237807473723135,0.0,7.412797040244911,1.7728191990441453,0.483796125346204,1.133459237565842,0.0324211145613072,1.352924719570438,13.8,0.1402494103979518
9,2,1,1,kt,0.4946,0.0003,0.7071,0.7071,0.4917730678984338,8.247271526418396e-05,0.7633915419902024,0.0015275230635848,10.687958826145849,1.0,12.542030127180338,8.967969133241246,0.4916892926432302,0.5628214301419856,0.7732880113501507,7.42590732651498,19.133,0.2775029362544577
9,2,1,2,kt,0.3187,5e-05,0.7071,0.8939,0.3090927301401294,0.0009002100512995,0.7786151123421085,0.0014086161787285,12.638209626633582,0.8407879556432915,8.42775797123063,9.113095643490404,0.3126739116076044,0.655855833655328,0.8034694862567628,8.211951390793825,33.534,0.1078962336236258
9,2,2,1,kt,0.4946,0.0003,0.7071,0.7071,0.4917730678984338,8.247271526418396e-05,0.7633915419902024,0.0015275230635848,10.687958826145849,1.0,12.542030127180338,8.967969133241246,0.4916158196193446,0.5527211353867907,2.345060776490852,4.227369424524968,11.533,0.3610035172295856
9,2,2,2,kt,0.3187,5e-05,0.7071,0.8939,0.3090927301401294,0.0009002100512995,0.7786151123421085,0.0014086161787285,12.638209626633582,0.8407879556432915,8.42775797123063,9.113095643490404,0.3253862274282671,0.9187704621146092,2.349470115027493,4.766532098443656,19.8,0.2588001179214254
9,2,3,1,kt,0.4946,0.0003,0.7071,0.7071,0.4917730678984338,8.247271526418396e-05,0.7633915419902024,0.0015275230635848,10.687958826145849,1.0,12.542030127180338,8.967969133241246,0.4903100559849859,0.6231523471293484,0.7567482257365871,7.614420809995411,15.533,0.2067576363215653
9,2,3,2,kt,0.3187,5e-05,0.7071,0.8939,0.3090927301401294,0.0009002100512995,0.7786151123421085,0.0014086161787285,12.638209626633582,0.8407879556432915,8.42775797123063,9.113095643490404,0.3062117752471319,0.5901812320950954,0.7753422665608521,7.661844654263605,18.200000000000003,0.1684678468939288
9,3,1,1,kt,0.5723,0.0003,0.0,1.0,0.5837868994013448,0.0045882375762481,0.0437100659449086,0.0019947204053346,10.898349454278195,0.0,7.002652378368077,4.518086809800991,0.6353593705140422,0.7045828202722868,0.0435293162185725,0.4528783737118413,15.0,0.137200645716207
9,3,1,2,kt,0.5123,2.69e-05,0.7071,0.866,0.437103157354664,0.0015506161781645,0.7924599285771817,0.0066706884338877,14.217170850029383,0.8611714539238478,8.14409724691869,6.904451859805616,0.462275157563112,0.7670255143097924,0.8370129076643439,1.9528000384228763,41.2,0.1141051998635559
9,3,2,1,kt,0.5723,0.0003,0.0,1.0,0.5837868994013448,0.0045882375762481,0.0437100659449086,0.0019947204053346,10.898349454278195,0.0,7.002652378368077,4.518086809800991,0.6397983080627831,0.7518173272093585,0.0157782307226943,0.7161486872788352,13.467,0.1592031759359224
9,3,2,2,kt,0.5123,2.69e-05,0.7071,0.866,0.437103157354664,0.0015506161781645,0.7924599285771817,0.0066706884338877,14.217170850029383,0.8611714539238478,8.14409724691869,6.904451859805616,0.4559194687661407,1.0567975699258318,0.7994032374699406,2.274357175900956,51.066,0.117818503785735
9,3,3,1,kt,0.5723,0.0003,0.0,1.0,0.5837868994013448,0.0045882375762481,0.0437100659449086,0.0019947204053346,10.898349454278195,0.0,7.002652378368077,4.518086809800991,0.6047372392204733,0.7049094233496577,0.0451411985261889,0.4084484612784221,8.2,0.1382612280122342
9,3,3,2,kt,0.5123,2.69e-05,0.7071,0.866,0.437103157354664,0.0015506161781645,0.7924599285771817,0.0066706884338877,14.217170850029383,0.8611714539238478,8.14409724691869,6.904451859805616,0.4454205722685022,0.6745532793685979,0.8170727696904572,1.4263341958270812,19.867,0.1571331888852049
10,1,1,1,kt,0.5574,7.5e-05,0.0,1.0,0.521139795175511,0.0001691255041819,0.0575589521136945,0.0026955093539924,12.85972889267839,0.0,11.589828597277146,4.482438246732277,0.5091005034371897,0.5902863668097103,0.0402582374695342,0.5163726489090417,7.467,0.2284107651297004
10,1,1,2,kt,0.4826,0.0004,0.0,1.0,0.4600336367387201,0.0027156355390036,0.1122687525925749,0.0464455801205933,10.237807473723135,0.0,7.412797040244911,1.7728191990441453,0.4340656157771541,0.661255623320565,0.0908910837462193,0.3223541936448114,10.733,0.1112392963305818
10,1,2,1,kt,0.5574,7.5e-05,0.0,1.0,0.521139795175511,0.0001691255041819,0.0575589521136945,0.0026955093539924,12.85972889267839,0.0,11.589828597277146,4.482438246732277,0.5315026417620142,0.5748030371987936,0.0565023438057693,0.3236128105289368,5.867,0.1441946321372626
10,1,2,2,kt,0.4826,0.0004,0.0,1.0,0.4600336367387201,0.0027156355390036,0.1122687525925749,0.0464455801205933,10.237807473723135,0.0,7.412797040244911,1.7728191990441453,0.4458067071052206,0.5082774064497824,0.0932496195079389,0.2882955720869804,7.066000000000001,0.1440375216061329
10,1,3,1,kt,0.5574,7.5e-05,0.0,1.0,0.521139795175511,0.0001691255041819,0.0575589521136945,0.0026955093539924,12.85972889267839,0.0,11.589828597277146,4.482438246732277,0.5284679170015906,0.5561184769444041,0.0625057394744782,0.2723092090591721,5.733,0.14037404207927
10,1,3,2,kt,0.4826,0.0004,0.0,1.0,0.4600336367387201,0.0027156355390036,0.1122687525925749,0.0464455801205933,10.237807473723135,0.0,7.412797040244911,1.7728191990441453,0.4759678608897874,0.56248623290109,0.0996955323961951,0.256808248582863,6.534000000000001,0.0753298667250393
10,2,1,1,kt,0.4946,0.0003,0.7071,0.7071,0.4917730678984338,8.247271526418396e-05,0.7633915419902024,0.0015275230635848,10.687958826145849,1.0,12.542030127180338,8.967969133241246,0.4914774412930873,0.5209466781939174,0.7432476605621534,0.8099241119933283,6.267,0.1016914062898266
10,2,1,2,kt,0.3187,5e-05,0.7071,0.8939,0.3090927301401294,0.0009002100512995,0.7786151123421085,0.0014086161787285,12.638209626633582,0.8407879556432915,8.42775797123063,9.113095643490404,0.3170657401864792,0.5220939789549549,0.7581589007670069,1.0315349204543762,11.133,0.0609586399176432
10,2,2,1,kt,0.4946,0.0003,0.7071,0.7071,0.4917730678984338,8.247271526418396e-05,0.7633915419902024,0.0015275230635848,10.687958826145849,1.0,12.542030127180338,8.967969133241246,0.49416918985303,0.5216736822737308,0.7377706432297686,0.8067100706476156,5.2,0.0481839257616573
10,2,2,2,kt,0.3187,5e-05,0.7071,0.8939,0.3090927301401294,0.0009002100512995,0.7786151123421085,0.0014086161787285,12.638209626633582,0.8407879556432915,8.42775797123063,9.113095643490404,0.3316537364481214,0.4827309992063252,0.7692814738778935,1.2882163687498531,13.067000000000002,0.0668939728288481
10,2,3,1,kt,0.4946,0.0003,0.7071,0.7071,0.4917730678984338,8.247271526418396e-05,0.7633915419902024,0.0015275230635848,10.687958826145849,1.0,12.542030127180338,8.967969133241246,0.492525070732445,0.5267330204617482,0.7623275766207804,0.8861976924256408,12.733,0.054848523921836
10,2,3,2,kt,0.3187,5e-05,0.7071,0.8939,0.3090927301401294,0.0009002100512995,0.7786151123421085,0.0014086161787285,12.638209626633582,0.8407879556432915,8.42775797123063,9.113095643490404,0.3090047794128757,0.421294199840748,0.7813791263022536,0.9429169072297472,13.201,0.0389183554732152
10,3,1,1,kt,0.5723,0.0003,0.0,1.0,0.5837868994013448,0.0045882375762481,0.0437100659449086,0.0019947204053346,10.898349454278195,0.0,7.002652378368077,4.518086809800991,0.5579418469697358,0.6296616207711243,0.0468126496340219,0.3943617887389315,6.734,0.1278110895348379
10,3,1,2,kt,0.5123,2.69e-05,0.7071,0.866,0.437103157354664,0.0015506161781645,0.7924599285771817,0.0066706884338877,14.217170850029383,0.8611714539238478,8.14409724691869,6.904451859805616,0.4370081588483217,0.5418232144702939,0.812636678256914,19.77775364086692,12.867,0.3172541748936358
10,3,2,1,kt,0.5723,0.0003,0.0,1.0,0.5837868994013448,0.0045882375762481,0.0437100659449086,0.0019947204053346,10.898349454278195,0.0,7.002652378368077,4.518086809800991,0.556826882522746,0.6295837635426986,0.0484998128526028,0.3301356685317935,6.867,0.1823003073762001
10,3,2,2,kt,0.5123,2.69e-05,0.7071,0.866,0.437103157354664,0.0015506161781645,0.7924599285771817,0.0066706884338877,14.217170850029383,0.8611714539238478,8.14409724691869,6.904451859805616,0.4482853553262698,0.5696194547718818,0.8002492052655624,1.1057213544010565,19.6,0.1115564109570951
10,3,3,1,kt,0.5723,0.0003,0.0,1.0,0.5837868994013448,0.0045882375762481,0.0437100659449086,0.0019947204053346,10.898349454278195,0.0,7.002652378368077,4.518086809800991,0.5656687379553513,0.622182303208815,0.0376053433254073,0.3820817355508734,7.534,0.2374513041430606
10,3,3,2,kt,0.5123,2.69e-05,0.7071,0.866,0.437103157354664,0.0015506161781645,0.7924599285771817,0.0066706884338877,14.217170850029383,0.8611714539238478,8.14409724691869,6.904451859805616,0.4577875347800549,0.6369648031319783,0.765762567261807,0.999373812182638,12.133,0.142027138038445
2,1,1,1,teleop,0.5574,7.5e-05,0.0,1.0,0.5227473539371549,0.0002929936468837,0.1646655024340899,0.0112941841593992,12.85972889267839,0.0,10.80183714325134,3.961592970874303,0.516886412860698,0.9356627009322211,0.2246471291918791,0.5612293307427527,20.867,0.1162049774008012
2,1,1,2,teleop,0.4826,0.0004,0.0,1.0,0.4715612911888245,0.0029087623075729,0.1837519460754451,0.0564106614620224,10.237807473723135,0.0,7.349767813221597,2.089971787092818,0.4607540069277748,0.5093531007345816,0.2638571103795096,0.3611271912564029,10.066,0.0658140947670861
2,1,2,1,teleop,0.5574,7.5e-05,0.0,1.0,0.5227473539371549,0.0002929936468837,0.1646655024340899,0.0112941841593992,12.85972889267839,0.0,10.80183714325134,3.961592970874303,0.5180266873434225,0.9508692614985615,0.2292931335655926,0.5254004985180972,19.867,0.1128503173410068
2,1,2,2,teleop,0.4826,0.0004,0.0,1.0,0.4715612911888245,0.0029087623075729,0.1837519460754451,0.0564106614620224,10.237807473723135,0.0,7.349767813221597,2.089971787092818,0.482905051640589,0.8165165265212064,0.3513255427765864,0.5964895936321989,15.000000000000004,0.0388144634546723
2,1,3,1,teleop,0.5574,7.5e-05,0.0,1.0,0.5227473539371549,0.0002929936468837,0.1646655024340899,0.0112941841593992,12.85972889267839,0.0,10.80183714325134,3.961592970874303,0.519162966610678,0.7409720852160856,0.1831223084374075,0.4370895068367232,15.667,0.2200330900918725
2,1,3,2,teleop,0.4826,0.0004,0.0,1.0,0.4715612911888245,0.0029087623075729,0.1837519460754451,0.0564106614620224,10.237807473723135,0.0,7.349767813221597,2.089971787092818,0.4847939213727829,0.7758186988278732,0.2061327067163944,0.535963260831229,14.133000000000004,0.1590444787124836
2,2,1,1,teleop,0.4946,0.0003,0.7071,0.7071,0.4947070440063763,0.0001877749041851,0.7432019808982491,0.0056836264583505,10.687958826145849,1.0,11.363901961271354,7.041789812617718,0.4852603500184205,0.698543098790458,0.6700910137035552,1.0276615729525942,19.467,0.2157752190537284
2,2,1,2,teleop,0.3187,5e-05,0.7071,0.8939,0.3223282239776877,0.0037974356957435,0.7646052558206042,0.0037277518091046,12.638209626633582,0.8407879556432915,6.424258612130289,7.687282113378384,0.2947551738307574,0.4540011619993733,0.7465018682391021,1.0360156556218951,13.599999999999998,0.1323632171512062
2,2,2,1,teleop,0.4946,0.0003,0.7071,0.7071,0.4947070440063763,0.0001877749041851,0.7432019808982491,0.0056836264583505,10.687958826145849,1.0,11.363901961271354,7.041789812617718,0.4849101891072201,0.6587691164242823,0.6637236303065038,0.8135540272106264,12.867,0.1806649234225736
2,2,2,2,teleop,0.3187,5e-05,0.7071,0.8939,0.3223282239776877,0.0037974356957435,0.7646052558206042,0.0037277518091046,12.638209626633582,0.8407879556432915,6.424258612130289,7.687282113378384,0.2955589372697094,0.5921036689131443,0.7523976891115798,1.3643583596523972,14.866,0.1651546627042031
2,2,3,1,teleop,0.4946,0.0003,0.7071,0.7071,0.4947070440063763,0.0001877749041851,0.7432019808982491,0.0056836264583505,10.687958826145849,1.0,11.363901961271354,7.041789812617718,0.4910421013518087,1.1858099407381864,0.7365568665138126,1.5402459379031366,22.533,0.1814000849788181
2,2,3,2,teleop,0.3187,5e-05,0.7071,0.8939,0.3223282239776877,0.0037974356957435,0.7646052558206042,0.0037277518091046,12.638209626633582,0.8407879556432915,6.424258612130289,7.687282113378384,0.2827342473065475,0.9894142828616316,0.8082755846571491,1.5952112823154971,26.267000000000003,0.0630935157004699
2,3,1,1,teleop,0.5723,0.0003,0.0,1.0,0.5927560381886863,0.0056019891463671,0.0873166271497703,0.0108491657985903,10.898349454278195,0.0,6.738925980427415,3.1776362707559977,0.5674851504665123,1.0428645683528726,0.1479994266936605,1.211253741936987,30.467,0.2031726602993473
2,3,1,2,teleop,0.5123,2.69e-05,0.7071,0.866,0.4456436553391406,0.001072081841718,0.7542177374813872,0.0334061846512055,14.217170850029383,0.8611714539238478,8.702798225492412,4.5593198044408005,0.4321495131317402,0.9719521561560892,0.6939910222330893,1.6111186651496343,38.53300000000001,0.1949321608091046
2,3,2,1,teleop,0.5723,0.0003,0.0,1.0,0.5927560381886863,0.0056019891463671,0.0873166271497703,0.0108491657985903,10.898349454278195,0.0,6.738925980427415,3.1776362707559977,0.5564289172931256,0.8251069350242524,0.0740413371840665,0.7170617466373024,21.333,0.2129616989117509
2,3,2,2,teleop,0.5123,2.69e-05,0.7071,0.866,0.4456436553391406,0.001072081841718,0.7542177374813872,0.0334061846512055,14.217170850029383,0.8611714539238478,8.702798225492412,4.5593198044408005,0.437112124974817,1.1493738104062854,0.6933838492402872,8.268155800160516,38.867,0.3037407411235967
2,3,3,1,teleop,0.5723,0.0003,0.0,1.0,0.5927560381886863,0.0056019891463671,0.0873166271497703,0.0108491657985903,10.898349454278195,0.0,6.738925980427415,3.1776362707559977,0.5593392621656378,0.7727192883091518,0.1550149291530887,0.3955467251221355,15.0,0.15002876263132
2,3,3,2,teleop,0.5123,2.69e-05,0.7071,0.866,0.4456436553391406,0.001072081841718,0.7542177374813872,0.0334061846512055,14.217170850029383,0.8611714539238478,8.702798225492412,4.5593198044408005,0.4284594844323089,1.0175060903594797,0.6867621794455663,8.036348289614526,34.733000000000004,0.2862346960950198
3,1,1,1,teleop,0.5574,7.5e-05,0.0,1.0,0.5227473539371549,0.0002929936468837,0.1646655024340899,0.0112941841593992,12.85972889267839,0.0,10.80183714325134,3.961592970874303,0.5182324710976725,0.6407501940468869,0.1625227865159994,0.3272474977650233,14.067,0.1577815968894342
3,1,1,2,teleop,0.4826,0.0004,0.0,1.0,0.4715612911888245,0.0029087623075729,0.1837519460754451,0.0564106614620224,10.237807473723135,0.0,7.349767813221597,2.089971787092818,0.481488862799546,0.552430447624426,0.3210991633607454,0.5115587577175038,10.400000000000002,0.1059057595876331
3,1,2,1,teleop,0.5574,7.5e-05,0.0,1.0,0.5227473539371549,0.0002929936468837,0.1646655024340899,0.0112941841593992,12.85972889267839,0.0,10.80183714325134,3.961592970874303,0.5173089998250563,0.6522680663156383,0.1140010706118674,0.5286298200651279,13.2,0.3930410220084731
3,1,2,2,teleop,0.4826,0.0004,0.0,1.0,0.4715612911888245,0.0029087623075729,0.1837519460754451,0.0564106614620224,10.237807473723135,0.0,7.349767813221597,2.089971787092818,0.4920853613957643,0.5430461795797127,0.328012911955035,0.4835697721888375,6.667,0.060114348567644
3,1,3,1,teleop,0.5574,7.5e-05,0.0,1.0,0.5227473539371549,0.0002929936468837,0.1646655024340899,0.0112941841593992,12.85972889267839,0.0,10.80183714325134,3.961592970874303,0.5204236556883247,0.7261754937827931,0.1527876519827004,0.5609099604657258,10.667,0.2973984072298941
3,1,3,2,teleop,0.4826,0.0004,0.0,1.0,0.4715612911888245,0.0029087623075729,0.1837519460754451,0.0564106614620224,10.237807473723135,0.0,7.349767813221597,2.089971787092818,0.4690322954765481,0.4819071853159168,0.3230442916219316,0.4274079393284108,7.466000000000001,0.0858842371756865
3,2,1,1,teleop,0.4946,0.0003,0.7071,0.7071,0.4947070440063763,0.0001877749041851,0.7432019808982491,0.0056836264583505,10.687958826145849,1.0,11.363901961271354,7.041789812617718,0.4999563660960824,0.8009901884951715,0.7370250204673807,1.352342111198109,19.067,0.2143046229840751
3,2,1,2,teleop,0.3187,5e-05,0.7071,0.8939,0.3223282239776877,0.0037974356957435,0.7646052558206042,0.0037277518091046,12.638209626633582,0.8407879556432915,6.424258612130289,7.687282113378384,0.2943823371060159,0.4511616277490767,0.7386807254588633,1.0703692282076185,16.0,0.1334202366676522
3,2,2,1,teleop,0.4946,0.0003,0.7071,0.7071,0.4947070440063763,0.0001877749041851,0.7432019808982491,0.0056836264583505,10.687958826145849,1.0,11.363901961271354,7.041789812617718,0.4880180502809297,0.7823235657508046,0.7153615893166602,1.2352583561631043,17.2,0.2523362797155996
3,2,2,2,teleop,0.3187,5e-05,0.7071,0.8939,0.3223282239776877,0.0037974356957435,0.7646052558206042,0.0037277518091046,12.638209626633582,0.8407879556432915,6.424258612130289,7.687282113378384,0.2835389006820757,0.5208843463609968,0.7392640676443897,0.8992775803848786,17.0,0.1176341394290368
3,2,3,1,teleop,0.4946,0.0003,0.7071,0.7071,0.4947070440063763,0.0001877749041851,0.7432019808982491,0.0056836264583505,10.687958826145849,1.0,11.363901961271354,7.041789812617718,0.4938811105924177,0.8658413987030003,0.7821086761924789,7.676816969061373,20.333,0.3586393809756495
3,2,3,2,teleop,0.3187,5e-05,0.7071,0.8939,0.3223282239776877,0.0037974356957435,0.7646052558206042,0.0037277518091046,12.638209626633582,0.8407879556432915,6.424258612130289,7.687282113378384,0.3045213320935004,0.4770039314813744,0.775489695923631,0.9553729135678372,14.267,0.0663645377897469
3,3,1,1,teleop,0.5723,0.0003,0.0,1.0,0.5927560381886863,0.0056019891463671,0.0873166271497703,0.0108491657985903,10.898349454278195,0.0,6.738925980427415,3.1776362707559977,0.549487794313941,0.8550505020700399,0.07837055684161,0.8196539840658447,17.067,0.1759846785971854
3,3,1,2,teleop,0.5123,2.69e-05,0.7071,0.866,0.4456436553391406,0.001072081841718,0.7542177374813872,0.0334061846512055,14.217170850029383,0.8611714539238478,8.702798225492412,4.5593198044408005,0.3986559595691503,1.3440031998303157,0.7691827606764722,1.6482935806923016,36.333,0.1478184325729395
3,3,2,1,teleop,0.5723,0.0003,0.0,1.0,0.5927560381886863,0.0056019891463671,0.0873166271497703,0.0108491657985903,10.898349454278195,0.0,6.738925980427415,3.1776362707559977,0.5572499016599285,0.8431265626291786,0.0325478742428034,0.6917996315892324,15.6,0.1585625493075851
3,3,2,2,teleop,0.5123,2.69e-05,0.7071,0.866,0.4456436553391406,0.001072081841718,0.7542177374813872,0.0334061846512055,14.217170850029383,0.8611714539238478,8.702798225492412,4.5593198044408005,0.4116385970727235,0.7389042398856966,0.7539494356553899,1.0814380859307795,17.732999999999997,0.2898186418490617
3,3,3,1,teleop,0.5723,0.0003,0.0,1.0,0.5927560381886863,0.0056019891463671,0.0873166271497703,0.0108491657985903,10.898349454278195,0.0,6.738925980427415,3.1776362707559977,0.5512101222764327,0.7645210198550901,0.0721909436561844,0.5546522036495738,9.067,0.1070242808895021
3,3,3,2,teleop,0.5123,2.69e-05,0.7071,0.866,0.4456436553391406,0.001072081841718,0.7542177374813872,0.0334061846512055,14.217170850029383,0.8611714539238478,8.702798225492412,4.5593198044408005,0.4246365649587892,0.6197396003425568,0.6903188701253892,7.433843490261399,13.333,0.4180180871212898
4,1,1,1,teleop,0.5574,7.5e-05,0.0,1.0,0.5227473539371549,0.0002929936468837,0.1646655024340899,0.0112941841593992,12.85972889267839,0.0,10.80183714325134,3.961592970874303,0.5226391027276852,0.6303274911108759,0.0682364874312204,0.4396553582061104,18.333,0.2192955671157773
4,1,1,2,teleop,0.4826,0.0004,0.0,1.0,0.4715612911888245,0.0029087623075729,0.1837519460754451,0.0564106614620224,10.237807473723135,0.0,7.349767813221597,2.089971787092818,0.4743051968933083,0.5467372886431235,0.074255686192033,0.4812556921964125,13.534000000000002,0.2584570035378187
4,1,2,1,teleop,0.5574,7.5e-05,0.0,1.0,0.5227473539371549,0.0002929936468837,0.1646655024340899,0.0112941841593992,12.85972889267839,0.0,10.80183714325134,3.961592970874303,0.5277329428792559,0.5718744465909686,0.1045436360488316,0.3592067608386941,10.867,0.2805418760657566
4,1,2,2,teleop,0.4826,0.0004,0.0,1.0,0.4715612911888245,0.0029087623075729,0.1837519460754451,0.0564106614620224,10.237807473723135,0.0,7.349767813221597,2.089971787092818,0.4856406544967173,0.4909396679820888,0.2266645686964705,0.311247018505571,7.199999999999999,0.1966442002032016
4,1,3,1,teleop,0.5574,7.5e-05,0.0,1.0,0.5227473539371549,0.0002929936468837,0.1646655024340899,0.0112941841593992,12.85972889267839,0.0,10.80183714325134,3.961592970874303,0.520371252184438,0.5647681877200763,0.1368323134018381,0.3108319166726211,8.467,0.2347330975898147
4,1,3,2,teleop,0.4826,0.0004,0.0,1.0,0.4715612911888245,0.0029087623075729,0.1837519460754451,0.0564106614620224,10.237807473723135,0.0,7.349767813221597,2.089971787092818,0.5007448776572757,0.5200440710698622,0.262087325838746,0.3371877526181077,7.933,0.0617808968333714
4,2,1,1,teleop,0.4946,0.0003,0.7071,0.7071,0.4947070440063763,0.0001877749041851,0.7432019808982491,0.0056836264583505,10.687958826145849,1.0,11.363901961271354,7.041789812617718,0.5130079472093976,0.8318571630127106,0.7751807027120164,1.294301552732609,15.067,0.2573926243503683
4,2,1,2,teleop,0.3187,5e-05,0.7071,0.8939,0.3223282239776877,0.0037974356957435,0.7646052558206042,0.0037277518091046,12.638209626633582,0.8407879556432915,6.424258612130289,7.687282113378384,0.4524830080787566,0.8633346361327473,0.6804502235905718,1.4895930301725857,20.733000000000004,0.1862195843111473
4,2,2,1,teleop,0.4946,0.0003,0.7071,0.7071,0.4947070440063763,0.0001877749041851,0.7432019808982491,0.0056836264583505,10.687958826145849,1.0,11.363901961271354,7.041789812617718,0.5063626721037008,0.8667938441002513,0.7830157446576174,1.3244815888971877,16.0,0.1719655324318133
4,2,2,2,teleop,0.3187,5e-05,0.7071,0.8939,0.3223282239776877,0.0037974356957435,0.7646052558206042,0.0037277518091046,12.638209626633582,0.8407879556432915,6.424258612130289,7.687282113378384,0.324115916455826,0.8943479146013588,0.8000378547674324,1.4885991272823131,24.934000000000005,0.0939572763327048
4,2,3,1,teleop,0.4946,0.0003,0.7071,0.7071,0.4947070440063763,0.0001877749041851,0.7432019808982491,0.0056836264583505,10.687958826145849,1.0,11.363901961271354,7.041789812617718,0.4912416543820363,0.8570189292798354,0.7729756784703428,1.2871798724195818,14.133,0.1664339882176321
4,2,3,2,teleop,0.3187,5e-05,0.7071,0.8939,0.3223282239776877,0.0037974356957435,0.7646052558206042,0.0037277518091046,12.638209626633582,0.8407879556432915,6.424258612130289,7.687282113378384,0.3311838904596659,1.0592427916965104,0.7714982181788018,2.089721814332957,26.667,0.1508479190124727
4,3,1,1,teleop,0.5723,0.0003,0.0,1.0,0.5927560381886863,0.0056019891463671,0.0873166271497703,0.0108491657985903,10.898349454278195,0.0,6.738925980427415,3.1776362707559977,0.5620104776603368,0.8684382133607981,0.0510492771705743,1.3900905441524976,23.867,0.2477050116941909
4,3,1,2,teleop,0.5123,2.69e-05,0.7071,0.866,0.4456436553391406,0.001072081841718,0.7542177374813872,0.0334061846512055,14.217170850029383,0.8611714539238478,8.702798225492412,4.5593198044408005,0.4492232808971503,0.8141045966842139,0.6692490072134186,14.218520821779336,32.333,0.239605864021164
4,3,2,1,teleop,0.5723,0.0003,0.0,1.0,0.5927560381886863,0.0056019891463671,0.0873166271497703,0.0108491657985903,10.898349454278195,0.0,6.738925980427415,3.1776362707559977,0.5809351203017424,0.7989133327904736,0.0827938138600068,0.9205077549720684,20.2,0.2497954592515544
4,3,2,2,teleop,0.5123,2.69e-05,0.7071,0.866,0.4456436553391406,0.001072081841718,0.7542177374813872,0.0334061846512055,14.217170850029383,0.8611714539238478,8.702798225492412,4.5593198044408005,0.4628346016667293,0.854973658602912,0.6033629627746991,1.3544505797307638,34.133,0.266269240025352
4,3,3,1,teleop,0.5723,0.0003,0.0,1.0,0.5927560381886863,0.0056019891463671,0.0873166271497703,0.0108491657985903,10.898349454278195,0.0,6.738925980427415,3.1776362707559977,0.5698123020785002,0.8739380477665006,0.100471892043264,1.221619951567562,19.533,0.2586165148847113
4,3,3,2,teleop,0.5123,2.69e-05,0.7071,0.866,0.4456436553391406,0.001072081841718,0.7542177374813872,0.0334061846512055,14.217170850029383,0.8611714539238478,8.702798225492412,4.5593198044408005,0.4629871880516782,0.7763763330268459,0.6234324025636281,7.716286899700448,32.534,0.2366768889382156
5,1,1,1,teleop,0.5574,7.5e-05,0.0,1.0,0.5227473539371549,0.0002929936468837,0.1646655024340899,0.0112941841593992,12.85972889267839,0.0,10.80183714325134,3.961592970874303,0.5283460197635637,0.724078129461005,0.1945885817890302,0.40840285850948,13.866,0.2072435609107969
5,1,1,2,teleop,0.4826,0.0004,0.0,1.0,0.4715612911888245,0.0029087623075729,0.1837519460754451,0.0564106614620224,10.237807473723135,0.0,7.349767813221597,2.089971787092818,0.4894571389815456,0.6024603461799816,0.078573787644892,0.7861534875909137,17.200000000000003,0.1894563560570446
5,1,2,1,teleop,0.5574,7.5e-05,0.0,1.0,0.5227473539371549,0.0002929936468837,0.1646655024340899,0.0112941841593992,12.85972889267839,0.0,10.80183714325134,3.961592970874303,0.5272695966012074,0.701694207255896,0.193944411827257,0.4744000267520789,9.267,0.1119690341883186
5,1,2,2,teleop,0.4826,0.0004,0.0,1.0,0.4715612911888245,0.0029087623075729,0.1837519460754451,0.0564106614620224,10.237807473723135,0.0,7.349767813221597,2.089971787092818,0.467343946788658,0.6145314223355025,0.0769921765582373,0.6155902719593858,10.8,0.1612068692356437
5,1,3,1,teleop,0.5574,7.5e-05,0.0,1.0,0.5227473539371549,0.0002929936468837,0.1646655024340899,0.0112941841593992,12.85972889267839,0.0,10.80183714325134,3.961592970874303,0.5384914404147944,0.6820932017457432,0.1719098302625939,0.4772597943751704,13.4,0.2412539839746185
5,1,3,2,teleop,0.4826,0.0004,0.0,1.0,0.4715612911888245,0.0029087623075729,0.1837519460754451,0.0564106614620224,10.237807473723135,0.0,7.349767813221597,2.089971787092818,0.5094827579025613,0.5540099779053812,0.1929983241495117,0.2892932029754537,11.067,0.1023686395417048
5,2,1,1,teleop,0.4946,0.0003,0.7071,0.7071,0.4947070440063763,0.0001877749041851,0.7432019808982491,0.0056836264583505,10.687958826145849,1.0,11.363901961271354,7.041789812617718,0.4947181502633596,1.0761471648236405,0.7839358568167658,1.5866130461343633,37.267,0.1271822067284383
5,2,1,2,teleop,0.3187,5e-05,0.7071,0.8939,0.3223282239776877,0.0037974356957435,0.7646052558206042,0.0037277518091046,12.638209626633582,0.8407879556432915,6.424258612130289,7.687282113378384,0.3182538548077619,0.7712831889316561,0.7678759098257422,1.532097324857266,28.8,0.2126166664810924
5,2,2,1,teleop,0.4946,0.0003,0.7071,0.7071,0.4947070440063763,0.0001877749041851,0.7432019808982491,0.0056836264583505,10.687958826145849,1.0,11.363901961271354,7.041789812617718,0.5007463937963008,0.9324163976308206,0.7647248495411509,1.4365987442420702,29.6,0.1291944337968463
5,2,2,2,teleop,0.3187,5e-05,0.7071,0.8939,0.3223282239776877,0.0037974356957435,0.7646052558206042,0.0037277518091046,12.638209626633582,0.8407879556432915,6.424258612130289,7.687282113378384,0.3172782553217286,0.8089340131246218,0.7741878499891729,1.228108453165366,31.867,0.1433394077320011
5,2,3,1,teleop,0.4946,0.0003,0.7071,0.7071,0.4947070440063763,0.0001877749041851,0.7432019808982491,0.0056836264583505,10.687958826145849,1.0,11.363901961271354,7.041789812617718,0.5025207352935798,0.7913549173209695,0.7324139436152007,1.114988682767618,21.667,0.1894048638962679
5,2,3,2,teleop,0.3187,5e-05,0.7071,0.8939,0.3223282239776877,0.0037974356957435,0.7646052558206042,0.0037277518091046,12.638209626633582,0.8407879556432915,6.424258612130289,7.687282113378384,0.3266378471641031,0.5927699177321761,0.7488530962867861,0.9421080346857892,17.200000000000003,0.193082485170129
5,3,1,1,teleop,0.5723,0.0003,0.0,1.0,0.5927560381886863,0.0056019891463671,0.0873166271497703,0.0108491657985903,10.898349454278195,0.0,6.738925980427415,3.1776362707559977,0.5613247356922729,0.7284975937782066,0.12458983804637,0.5418360838559456,21.0,0.1675425900744965
5,3,1,2,teleop,0.5123,2.69e-05,0.7071,0.866,0.4456436553391406,0.001072081841718,0.7542177374813872,0.0334061846512055,14.217170850029383,0.8611714539238478,8.702798225492412,4.5593198044408005,0.4597733735222168,0.9147692961600415,0.7352687471920684,1.3296554938910834,29.4,0.1492902355337542
5,3,2,1,teleop,0.5723,0.0003,0.0,1.0,0.5927560381886863,0.0056019891463671,0.0873166271497703,0.0108491657985903,10.898349454278195,0.0,6.738925980427415,3.1776362707559977,0.5706096429258798,0.6836908883863299,0.1134562953386416,0.4035296247845141,18.4,0.2060766313018633
5,3,2,2,teleop,0.5123,2.69e-05,0.7071,0.866,0.4456436553391406,0.001072081841718,0.7542177374813872,0.0334061846512055,14.217170850029383,0.8611714539238478,8.702798225492412,4.5593198044408005,0.4587588313046409,0.7771259295232625,0.6954827996860189,1.1040182297683474,26.0,0.3022347467634875
5,3,3,1,teleop,0.5723,0.0003,0.0,1.0,0.5927560381886863,0.0056019891463671,0.0873166271497703,0.0108491657985903,10.898349454278195,0.0,6.738925980427415,3.1776362707559977,0.5696974967471772,0.7263417752435009,0.0915168229314239,0.514606602699502,18.2,0.1778415325033636
5,3,3,2,teleop,0.5123,2.69e-05,0.7071,0.866,0.4456436553391406,0.001072081841718,0.7542177374813872,0.0334061846512055,14.217170850029383,0.8611714539238478,8.702798225492412,4.5593198044408005,0.4584582761822498,0.7455444169896354,0.6751070388020322,1.0432149950431646,27.533,0.2135054004370552
6,1,1,1,teleop,0.5574,7.5e-05,0.0,1.0,0.5227473539371549,0.0002929936468837,0.1646655024340899,0.0112941841593992,12.85972889267839,0.0,10.80183714325134,3.961592970874303,0.5290000485822284,0.7946278078281522,0.0975192909400897,0.7676947214121997,19.0,0.2034995457379332
6,1,1,2,teleop,0.4826,0.0004,0.0,1.0,0.4715612911888245,0.0029087623075729,0.1837519460754451,0.0564106614620224,10.237807473723135,0.0,7.349767813221597,2.089971787092818,0.4565269733542586,0.6424438081228192,0.0358183913521676,0.6098081688691515,13.6,0.2437601239297004
6,1,2,1,teleop,0.5574,7.5e-05,0.0,1.0,0.5227473539371549,0.0002929936468837,0.1646655024340899,0.0112941841593992,12.85972889267839,0.0,10.80183714325134,3.961592970874303,0.5247573422068528,0.5901010003458792,0.1445453977955227,0.3060686242927278,8.4,0.22102995347025
6,1,2,2,teleop,0.4826,0.0004,0.0,1.0,0.4715612911888245,0.0029087623075729,0.1837519460754451,0.0564106614620224,10.237807473723135,0.0,7.349767813221597,2.089971787092818,0.4436814904861368,0.5018741449626611,0.0787409385978318,0.3323419054253264,10.666999999999998,0.2782040684331581
6,1,3,1,teleop,0.5574,7.5e-05,0.0,1.0,0.5227473539371549,0.0002929936468837,0.1646655024340899,0.0112941841593992,12.85972889267839,0.0,10.80183714325134,3.961592970874303,0.5286339786657683,0.6479747101609067,0.1921255922468535,0.440851068274067,10.867,0.1257927877333837
6,1,3,2,teleop,0.4826,0.0004,0.0,1.0,0.4715612911888245,0.0029087623075729,0.1837519460754451,0.0564106614620224,10.237807473723135,0.0,7.349767813221597,2.089971787092818,0.4489530046675264,0.5133320493537714,0.1248553785010096,0.3308698377383379,9.066,0.1612968494727538
6,2,1,1,teleop,0.4946,0.0003,0.7071,0.7071,0.4947070440063763,0.0001877749041851,0.7432019808982491,0.0056836264583505,10.687958826145849,1.0,11.363901961271354,7.041789812617718,0.4958738785215449,0.6377249916400194,0.7629058454190413,0.9682028585559757,14.667,0.1595628714323907
6,2,1,2,teleop,0.3187,5e-05,0.7071,0.8939,0.3223282239776877,0.0037974356957435,0.7646052558206042,0.0037277518091046,12.638209626633582,0.8407879556432915,6.424258612130289,7.687282113378384,0.3291082865866492,0.5549413647489506,0.7784388359240682,1.0882846925984646,22.933,0.1042512283969879
6,2,2,1,teleop,0.4946,0.0003,0.7071,0.7071,0.4947070440063763,0.0001877749041851,0.7432019808982491,0.0056836264583505,10.687958826145849,1.0,11.363901961271354,7.041789812617718,0.4905481560458667,0.7016505366745949,0.744431771930351,1.0758968678100616,16.933,0.2305272036375308
6,2,2,2,teleop,0.3187,5e-05,0.7071,0.8939,0.3223282239776877,0.0037974356957435,0.7646052558206042,0.0037277518091046,12.638209626633582,0.8407879556432915,6.424258612130289,7.687282113378384,0.3251542892228242,0.4624656681802674,0.775366251904606,0.9410940586261064,17.867000000000004,0.1071974565302169
6,2,3,1,teleop,0.4946,0.0003,0.7071,0.7071,0.4947070440063763,0.0001877749041851,0.7432019808982491,0.0056836264583505,10.687958826145849,1.0,11.363901961271354,7.041789812617718,0.4915361691676412,0.6100757309313142,0.7247050620741055,0.907373078402828,13.067,0.1984899472435661
6,2,3,2,teleop,0.3187,5e-05,0.7071,0.8939,0.3223282239776877,0.0037974356957435,0.7646052558206042,0.0037277518091046,12.638209626633582,0.8407879556432915,6.424258612130289,7.687282113378384,0.3183683680895449,0.5509284722641021,0.7753932341076064,0.9842384548070138,25.0,0.0788088726755355
6,3,1,1,teleop,0.5723,0.0003,0.0,1.0,0.5927560381886863,0.0056019891463671,0.0873166271497703,0.0108491657985903,10.898349454278195,0.0,6.738925980427415,3.1776362707559977,0.6258234808634141,0.7499996963768326,0.0467638268219289,0.5261520835155764,15.667,0.2148790291010901
6,3,1,2,teleop,0.5123,2.69e-05,0.7071,0.866,0.4456436553391406,0.001072081841718,0.7542177374813872,0.0334061846512055,14.217170850029383,0.8611714539238478,8.702798225492412,4.5593198044408005,0.4550096801168081,0.5842099898645222,0.7682019608022058,1.0197380668894562,19.133000000000003,0.127029504127994
6,3,2,1,teleop,0.5723,0.0003,0.0,1.0,0.5927560381886863,0.0056019891463671,0.0873166271497703,0.0108491657985903,10.898349454278195,0.0,6.738925980427415,3.1776362707559977,0.6146586035353284,0.7845697553166859,0.0451833719323314,0.8285430981295594,17.933,0.1482794254645865
6,3,2,2,teleop,0.5123,2.69e-05,0.7071,0.866,0.4456436553391406,0.001072081841718,0.7542177374813872,0.0334061846512055,14.217170850029383,0.8611714539238478,8.702798225492412,4.5593198044408005,0.4470451419040364,0.5629892013303275,0.858026837275079,1.0780105580485315,20.933000000000003,0.1608164139123782
6,3,3,1,teleop,0.5723,0.0003,0.0,1.0,0.5927560381886863,0.0056019891463671,0.0873166271497703,0.0108491657985903,10.898349454278195,0.0,6.738925980427415,3.1776362707559977,0.6287753749949182,0.7289340709015539,0.0812742102329476,0.2730509188960084,14.267,0.2403675412855052
6,3,3,2,teleop,0.5123,2.69e-05,0.7071,0.866,0.4456436553391406,0.001072081841718,0.7542177374813872,0.0334061846512055,14.217170850029383,0.8611714539238478,8.702798225492412,4.5593198044408005,0.4454591341526178,0.5759927345374655,0.8395297021123861,1.0250790248475656,15.934,0.1662055994457561
7,1,1,1,teleop,0.5574,7.5e-05,0.0,1.0,0.5227473539371549,0.0002929936468837,0.1646655024340899,0.0112941841593992,12.85972889267839,0.0,10.80183714325134,3.961592970874303,0.5114232241500184,0.6420875616523448,0.1899451380854002,0.3095860246204002,8.267,0.2576166209316976
7,1,1,2,teleop,0.4826,0.0004,0.0,1.0,0.4715612911888245,0.0029087623075729,0.1837519460754451,0.0564106614620224,10.237807473723135,0.0,7.349767813221597,2.089971787092818,0.4257757467259026,0.4521688733917997,0.2716277953692826,0.3907528427165646,9.933000000000002,0.0970354781491595
7,1,2,1,teleop,0.5574,7.5e-05,0.0,1.0,0.5227473539371549,0.0002929936468837,0.1646655024340899,0.0112941841593992,12.85972889267839,0.0,10.80183714325134,3.961592970874303,0.5051500070276156,0.6057471078844767,0.2019572839472273,0.2750834264687142,7.867,0.0654700756816908
7,1,2,2,teleop,0.4826,0.0004,0.0,1.0,0.4715612911888245,0.0029087623075729,0.1837519460754451,0.0564106614620224,10.237807473723135,0.0,7.349767813221597,2.089971787092818,0.468663792286112,0.4797588114732236,0.2326878721772505,0.2862700773065751,6.533000000000001,0.0856727272008013
7,1,3,1,teleop,0.5574,7.5e-05,0.0,1.0,0.5227473539371549,0.0002929936468837,0.1646655024340899,0.0112941841593992,12.85972889267839,0.0,10.80183714325134,3.961592970874303,0.524779887571923,0.6203404161737494,0.1990563862331545,0.3304134360072742,6.733,0.205337043900171
7,1,3,2,teleop,0.4826,0.0004,0.0,1.0,0.4715612911888245,0.0029087623075729,0.1837519460754451,0.0564106614620224,10.237807473723135,0.0,7.349767813221597,2.089971787092818,0.3995846537343495,0.4153087776033584,0.1821698603961801,0.2770984759115561,6.0,0.1244919839067155
7,2,1,1,teleop,0.4946,0.0003,0.7071,0.7071,0.4947070440063763,0.0001877749041851,0.7432019808982491,0.0056836264583505,10.687958826145849,1.0,11.363901961271354,7.041789812617718,0.4950550515851747,0.73034249676991,0.7461101421290622,1.0708492200143949,16.067,0.284491871739663
7,2,1,2,teleop,0.3187,5e-05,0.7071,0.8939,0.3223282239776877,0.0037974356957435,0.7646052558206042,0.0037277518091046,12.638209626633582,0.8407879556432915,6.424258612130289,7.687282113378384,0.3366381039038807,0.4706461484687024,0.7852644143783514,1.01923699999654,15.733000000000004,0.1112195270867251
7,2,2,1,teleop,0.4946,0.0003,0.7071,0.7071,0.4947070440063763,0.0001877749041851,0.7432019808982491,0.0056836264583505,10.687958826145849,1.0,11.363901961271354,7.041789812617718,0.4967977589522722,0.799872182841971,0.691265034027353,1.184226091941571,15.666,0.3067675750164489
7,2,2,2,teleop,0.3187,5e-05,0.7071,0.8939,0.3223282239776877,0.0037974356957435,0.7646052558206042,0.0037277518091046,12.638209626633582,0.8407879556432915,6.424258612130289,7.687282113378384,0.3296939747705438,0.5274301975209291,0.7139170501142919,0.9363494956666144,12.400000000000002,0.1588928255942613
7,2,3,1,teleop,0.4946,0.0003,0.7071,0.7071,0.4947070440063763,0.0001877749041851,0.7432019808982491,0.0056836264583505,10.687958826145849,1.0,11.363901961271354,7.041789812617718,0.5047812197378188,0.7166780315087032,0.7299374445754186,1.0490538673462548,10.933,0.1445156188415087
7,2,3,2,teleop,0.3187,5e-05,0.7071,0.8939,0.3223282239776877,0.0037974356957435,0.7646052558206042,0.0037277518091046,12.638209626633582,0.8407879556432915,6.424258612130289,7.687282113378384,0.3318596001323451,0.5744863416175534,0.7752032567270888,1.0352642154084497,14.534,0.1638141732385172
7,3,1,1,teleop,0.5723,0.0003,0.0,1.0,0.5927560381886863,0.0056019891463671,0.0873166271497703,0.0108491657985903,10.898349454278195,0.0,6.738925980427415,3.1776362707559977,0.635872707544521,1.0253924428925716,0.098317587517125,0.7688743233613402,12.067,0.2222601109928304
7,3,1,2,teleop,0.5123,2.69e-05,0.7071,0.866,0.4456436553391406,0.001072081841718,0.7542177374813872,0.0334061846512055,14.217170850029383,0.8611714539238478,8.702798225492412,4.5593198044408005,0.4410258461813774,0.6097468732056589,0.8491179413986119,1.275756881410799,18.333,0.1854182146994932
7,3,2,1,teleop,0.5723,0.0003,0.0,1.0,0.5927560381886863,0.0056019891463671,0.0873166271497703,0.0108491657985903,10.898349454278195,0.0,6.738925980427415,3.1776362707559977,0.6401555778090198,0.9098271597944002,0.0564983363883465,0.8546045116768558,11.467,0.2159588756408624
7,3,2,2,teleop,0.5123,2.69e-05,0.7071,0.866,0.4456436553391406,0.001072081841718,0.7542177374813872,0.0334061846512055,14.217170850029383,0.8611714539238478,8.702798225492412,4.5593198044408005,0.4617384116575098,0.5318315265986998,0.8373445058645175,0.9640133492647112,11.8,0.1308831724613652
7,3,3,1,teleop,0.5723,0.0003,0.0,1.0,0.5927560381886863,0.0056019891463671,0.0873166271497703,0.0108491657985903,10.898349454278195,0.0,6.738925980427415,3.1776362707559977,0.6307312137511508,0.8917063683899065,0.0945218744799166,0.6933863357058656,10.933,0.1532225296317641
7,3,3,2,teleop,0.5123,2.69e-05,0.7071,0.866,0.4456436553391406,0.001072081841718,0.7542177374813872,0.0334061846512055,14.217170850029383,0.8611714539238478,8.702798225492412,4.5593198044408005,0.4495213528854886,0.5424974018898296,0.8579251248911837,1.073965696308974,13.999999999999998,0.132069403350324
8,1,1,1,teleop,0.5574,7.5e-05,0.0,1.0,0.5227473539371549,0.0002929936468837,0.1646655024340899,0.0112941841593992,12.85972889267839,0.0,10.80183714325134,3.961592970874303,0.5132191913792781,0.7685533713040338,0.1896234824334451,0.5245619330559631,17.733,0.139211525705028
8,1,1,2,teleop,0.4826,0.0004,0.0,1.0,0.4715612911888245,0.0029087623075729,0.1837519460754451,0.0564106614620224,10.237807473723135,0.0,7.349767813221597,2.089971787092818,0.5057466493215749,0.7772193886940191,0.4033793759250491,0.7511380648200897,19.534,0.1556257622231851
8,1,2,1,teleop,0.5574,7.5e-05,0.0,1.0,0.5227473539371549,0.0002929936468837,0.1646655024340899,0.0112941841593992,12.85972889267839,0.0,10.80183714325134,3.961592970874303,0.5069526821114569,0.7389889983360028,0.1949438360306396,0.5543163253726214,15.6,0.2412000634340549
8,1,2,2,teleop,0.4826,0.0004,0.0,1.0,0.4715612911888245,0.0029087623075729,0.1837519460754451,0.0564106614620224,10.237807473723135,0.0,7.349767813221597,2.089971787092818,0.4186051784199521,0.7056871292625515,0.3099894034543931,0.6127938332988742,15.799999999999995,0.0879875602215676
8,1,3,1,teleop,0.5574,7.5e-05,0.0,1.0,0.5227473539371549,0.0002929936468837,0.1646655024340899,0.0112941841593992,12.85972889267839,0.0,10.80183714325134,3.961592970874303,0.5251796957232829,0.7781800578237299,0.2287923622939414,0.6537541143762238,17.867,0.2216300751785422
8,1,3,2,teleop,0.4826,0.0004,0.0,1.0,0.4715612911888245,0.0029087623075729,0.1837519460754451,0.0564106614620224,10.237807473723135,0.0,7.349767813221597,2.089971787092818,0.4601820679904856,0.6126421453564709,0.2745281470760914,0.6596698063745233,12.333000000000002,0.1869792156004178
8,2,1,1,teleop,0.4946,0.0003,0.7071,0.7071,0.4947070440063763,0.0001877749041851,0.7432019808982491,0.0056836264583505,10.687958826145849,1.0,11.363901961271354,7.041789812617718,0.4906050355428488,1.3904874920437362,0.6716961177112506,1.3087290282769792,23.2,0.1501856720585176
8,2,1,2,teleop,0.3187,5e-05,0.7071,0.8939,0.3223282239776877,0.0037974356957435,0.7646052558206042,0.0037277518091046,12.638209626633582,0.8407879556432915,6.424258612130289,7.687282113378384,0.3163926195409747,0.9916222095627996,0.7194476374979616,1.571840284393937,29.533,0.1101936832554256
8,2,2,1,teleop,0.4946,0.0003,0.7071,0.7071,0.4947070440063763,0.0001877749041851,0.7432019808982491,0.0056836264583505,10.687958826145849,1.0,11.363901961271354,7.041789812617718,0.5014865993224544,0.8491267735241256,0.7260366535362782,1.5807398997310982,30.133,0.198313014469729
8,2,2,2,teleop,0.3187,5e-05,0.7071,0.8939,0.3223282239776877,0.0037974356957435,0.7646052558206042,0.0037277518091046,12.638209626633582,0.8407879556432915,6.424258612130289,7.687282113378384,0.3359091938307137,0.5842894752880998,0.7840778329334002,1.1392499141367274,17.134,0.1347117996635885
8,2,3,1,teleop,0.4946,0.0003,0.7071,0.7071,0.4947070440063763,0.0001877749041851,0.7432019808982491,0.0056836264583505,10.687958826145849,1.0,11.363901961271354,7.041789812617718,0.4873439746216218,0.7378339413557403,0.733931126408434,1.3857859829078112,18.333,0.1598568088385113
8,2,3,2,teleop,0.3187,5e-05,0.7071,0.8939,0.3223282239776877,0.0037974356957435,0.7646052558206042,0.0037277518091046,12.638209626633582,0.8407879556432915,6.424258612130289,7.687282113378384,0.3227387807500053,0.6704185323190646,0.7663255605593303,1.3302386564743156,23.134,0.1490140265281973
8,3,1,1,teleop,0.5723,0.0003,0.0,1.0,0.5927560381886863,0.0056019891463671,0.0873166271497703,0.0108491657985903,10.898349454278195,0.0,6.738925980427415,3.1776362707559977,0.6250891669194084,0.918830970377802,0.0684014996360732,0.9523342406040124,18.8,0.2075633644748467
8,3,1,2,teleop,0.5123,2.69e-05,0.7071,0.866,0.4456436553391406,0.001072081841718,0.7542177374813872,0.0334061846512055,14.217170850029383,0.8611714539238478,8.702798225492412,4.5593198044408005,0.4505504275883,0.6394224254959184,0.8614490713581158,1.4612102059878975,32.2,0.108939412551556
8,3,2,1,teleop,0.5723,0.0003,0.0,1.0,0.5927560381886863,0.0056019891463671,0.0873166271497703,0.0108491657985903,10.898349454278195,0.0,6.738925980427415,3.1776362707559977,0.6260983842017164,0.84822367983054,0.0522309979228129,0.6823411861694334,15.6,0.2237655263803115
8,3,2,2,teleop,0.5123,2.69e-05,0.7071,0.866,0.4456436553391406,0.001072081841718,0.7542177374813872,0.0334061846512055,14.217170850029383,0.8611714539238478,8.702798225492412,4.5593198044408005,0.4522502928688936,0.668202139218903,0.7328560682562788,1.381484718154787,35.667,0.1298872871866502
8,3,3,1,teleop,0.5723,0.0003,0.0,1.0,0.5927560381886863,0.0056019891463671,0.0873166271497703,0.0108491657985903,10.898349454278195,0.0,6.738925980427415,3.1776362707559977,0.6314589163199772,0.8378556214765619,0.033161208789381,0.8320555664267798,13.8,0.2568678470367045
8,3,3,2,teleop,0.5123,2.69e-05,0.7071,0.866,0.4456436553391406,0.001072081841718,0.7542177374813872,0.0334061846512055,14.217170850029383,0.8611714539238478,8.702798225492412,4.5593198044408005,0.4445209921927197,0.5856799281362712,0.7381077623131025,1.2086164863716635,19.000000000000004,0.1957349542529561
9,1,1,1,teleop,0.5574,7.5e-05,0.0,1.0,0.5227473539371549,0.0002929936468837,0.1646655024340899,0.0112941841593992,12.85972889267839,0.0,10.80183714325134,3.961592970874303,0.516683889143062,0.6406513448592444,0.1861377403476957,0.5829836801274632,11.867,0.2898914831075864
9,1,1,2,teleop,0.4826,0.0004,0.0,1.0,0.4715612911888245,0.0029087623075729,0.1837519460754451,0.0564106614620224,10.237807473723135,0.0,7.349767813221597,2.089971787092818,0.4787799076820162,0.565084651863582,0.0809311167562041,0.5840191563234353,16.400000000000002,0.2103972484882111
9,1,2,1,teleop,0.5574,7.5e-05,0.0,1.0,0.5227473539371549,0.0002929936468837,0.1646655024340899,0.0112941841593992,12.85972889267839,0.0,10.80183714325134,3.961592970874303,0.52332773689152,0.7216729233606395,0.0498057541294014,0.5421425929521745,14.933,0.296130884829769
9,1,2,2,teleop,0.4826,0.0004,0.0,1.0,0.4715612911888245,0.0029087623075729,0.1837519460754451,0.0564106614620224,10.237807473723135,0.0,7.349767813221597,2.089971787092818,0.4798707368656688,0.6756707130514888,0.0423444861187102,0.5581004235088275,12.801000000000002,0.2515780170182451
9,1,3,1,teleop,0.5574,7.5e-05,0.0,1.0,0.5227473539371549,0.0002929936468837,0.1646655024340899,0.0112941841593992,12.85972889267839,0.0,10.80183714325134,3.961592970874303,0.5258253502827721,0.6346684620265639,0.0478810418175109,0.7596271250169238,14.4,0.3337073319768149
9,1,3,2,teleop,0.4826,0.0004,0.0,1.0,0.4715612911888245,0.0029087623075729,0.1837519460754451,0.0564106614620224,10.237807473723135,0.0,7.349767813221597,2.089971787092818,0.4865777444561145,0.7219971488615208,0.0490415802573951,0.6342844034318867,15.0,0.2473773781395307
9,2,1,1,teleop,0.4946,0.0003,0.7071,0.7071,0.4947070440063763,0.0001877749041851,0.7432019808982491,0.0056836264583505,10.687958826145849,1.0,11.363901961271354,7.041789812617718,0.4893756359893696,0.6299277442255518,2.3384263094605267,4.521318362891284,17.666,0.1829623741190154
9,2,1,2,teleop,0.3187,5e-05,0.7071,0.8939,0.3223282239776877,0.0037974356957435,0.7646052558206042,0.0037277518091046,12.638209626633582,0.8407879556432915,6.424258612130289,7.687282113378384,0.3112099596735297,0.6579547524803339,2.34561170230075,4.918735874087679,24.933,0.1745711105154162
9,2,2,1,teleop,0.4946,0.0003,0.7071,0.7071,0.4947070440063763,0.0001877749041851,0.7432019808982491,0.0056836264583505,10.687958826145849,1.0,11.363901961271354,7.041789812617718,0.4931789015154642,0.8347644146997242,0.7882259135097656,1.4354999925253933,18.334,0.2195367647683601
9,2,2,2,teleop,0.3187,5e-05,0.7071,0.8939,0.3223282239776877,0.0037974356957435,0.7646052558206042,0.0037277518091046,12.638209626633582,0.8407879556432915,6.424258612130289,7.687282113378384,0.3190111574851262,1.0448982430475793,0.8023455308194002,2.545619131098418,27.467,0.1546211791409831
9,2,3,1,teleop,0.4946,0.0003,0.7071,0.7071,0.4947070440063763,0.0001877749041851,0.7432019808982491,0.0056836264583505,10.687958826145849,1.0,11.363901961271354,7.041789812617718,0.4918824056621664,0.6428780798092714,0.7599508715629597,1.024343593416624,11.333,0.168989481341217
9,2,3,2,teleop,0.3187,5e-05,0.7071,0.8939,0.3223282239776877,0.0037974356957435,0.7646052558206042,0.0037277518091046,12.638209626633582,0.8407879556432915,6.424258612130289,7.687282113378384,0.3321050943602039,0.7500210845108559,0.7699483365513351,1.351502955067713,16.267,0.168540073855409
9,3,1,1,teleop,0.5723,0.0003,0.0,1.0,0.5927560381886863,0.0056019891463671,0.0873166271497703,0.0108491657985903,10.898349454278195,0.0,6.738925980427415,3.1776362707559977,0.6399051874301379,1.1161420804656843,0.0205367529839705,0.9718734776621236,31.067,0.2492623874309073
9,3,1,2,teleop,0.5123,2.69e-05,0.7071,0.866,0.4456436553391406,0.001072081841718,0.7542177374813872,0.0334061846512055,14.217170850029383,0.8611714539238478,8.702798225492412,4.5593198044408005,0.461259693773475,0.839350236271073,0.90756503486996,1.490323352136138,19.800000000000004,0.2363035806961645
9,3,2,1,teleop,0.5723,0.0003,0.0,1.0,0.5927560381886863,0.0056019891463671,0.0873166271497703,0.0108491657985903,10.898349454278195,0.0,6.738925980427415,3.1776362707559977,0.6432924160908474,0.8103770479509683,0.0324171995233122,0.6524577254302498,13.6,0.2390462855256649
9,3,2,2,teleop,0.5123,2.69e-05,0.7071,0.866,0.4456436553391406,0.001072081841718,0.7542177374813872,0.0334061846512055,14.217170850029383,0.8611714539238478,8.702798225492412,4.5593198044408005,0.4647298021431377,0.7072152125892369,0.8618727305317933,1.3847337777453472,18.533,0.3411351935465763
9,3,3,1,teleop,0.5723,0.0003,0.0,1.0,0.5927560381886863,0.0056019891463671,0.0873166271497703,0.0108491657985903,10.898349454278195,0.0,6.738925980427415,3.1776362707559977,0.6419873066502172,0.815318605540248,0.0310169232162167,0.7186147220660486,15.467,0.2927960883342726
9,3,3,2,teleop,0.5123,2.69e-05,0.7071,0.866,0.4456436553391406,0.001072081841718,0.7542177374813872,0.0334061846512055,14.217170850029383,0.8611714539238478,8.702798225492412,4.5593198044408005,0.445479617266604,0.7583825479498509,0.9213865628318458,1.3914552973851528,20.4,0.2767208868036354
10,1,1,1,teleop,0.5574,7.5e-05,0.0,1.0,0.5227473539371549,0.0002929936468837,0.1646655024340899,0.0112941841593992,12.85972889267839,0.0,10.80183714325134,3.961592970874303,0.5366917358223434,0.613824610550108,0.1937539778942236,0.3484427211289159,8.267,0.2198129320262152
10,1,1,2,teleop,0.4826,0.0004,0.0,1.0,0.4715612911888245,0.0029087623075729,0.1837519460754451,0.0564106614620224,10.237807473723135,0.0,7.349767813221597,2.089971787092818,0.4824905713068391,0.5327744658442426,0.081184137381259,0.425705726329046,9.866,0.2267118606372693
10,1,2,1,teleop,0.5574,7.5e-05,0.0,1.0,0.5227473539371549,0.0002929936468837,0.1646655024340899,0.0112941841593992,12.85972889267839,0.0,10.80183714325134,3.961592970874303,0.5380398469444434,0.5793235299310026,0.1955343476700796,0.2736769180325984,6.467,0.1416129704068329
10,1,2,2,teleop,0.4826,0.0004,0.0,1.0,0.4715612911888245,0.0029087623075729,0.1837519460754451,0.0564106614620224,10.237807473723135,0.0,7.349767813221597,2.089971787092818,0.505428677658876,0.5547391565842398,0.0185985475453472,0.3627321663351684,10.0,0.2319212935207828
10,1,3,1,teleop,0.5574,7.5e-05,0.0,1.0,0.5227473539371549,0.0002929936468837,0.1646655024340899,0.0112941841593992,12.85972889267839,0.0,10.80183714325134,3.961592970874303,0.529622391803821,0.5654228412171528,0.1979175927890256,0.2883228145894737,5.667,0.1594587667063386
10,1,3,2,teleop,0.4826,0.0004,0.0,1.0,0.4715612911888245,0.0029087623075729,0.1837519460754451,0.0564106614620224,10.237807473723135,0.0,7.349767813221597,2.089971787092818,0.4732535948093791,0.5403774275744971,0.0703619172387546,0.3399953713309198,7.333,0.2539790001051443
10,2,1,1,teleop,0.4946,0.0003,0.7071,0.7071,0.4947070440063763,0.0001877749041851,0.7432019808982491,0.0056836264583505,10.687958826145849,1.0,11.363901961271354,7.041789812617718,0.4947363933449812,0.6849572647095017,0.7785752837190684,1.044432011311781,9.067,0.1403657646324587
10,2,1,2,teleop,0.3187,5e-05,0.7071,0.8939,0.3223282239776877,0.0037974356957435,0.7646052558206042,0.0037277518091046,12.638209626633582,0.8407879556432915,6.424258612130289,7.687282113378384,0.3260380194087799,0.5377848299321959,0.807024964655753,1.1395419832058131,13.333,0.14242453912463
10,2,2,1,teleop,0.4946,0.0003,0.7071,0.7071,0.4947070440063763,0.0001877749041851,0.7432019808982491,0.0056836264583505,10.687958826145849,1.0,11.363901961271354,7.041789812617718,0.4936637783957823,0.7327009615778021,0.7704945341340576,0.9827622204669468,7.933,0.077374421543119
10,2,2,2,teleop,0.3187,5e-05,0.7071,0.8939,0.3223282239776877,0.0037974356957435,0.7646052558206042,0.0037277518091046,12.638209626633582,0.8407879556432915,6.424258612130289,7.687282113378384,0.3098727348444842,0.4507171221051859,0.7814119254740226,1.022565100400191,9.6,0.1583060263318126
10,2,3,1,teleop,0.4946,0.0003,0.7071,0.7071,0.4947070440063763,0.0001877749041851,0.7432019808982491,0.0056836264583505,10.687958826145849,1.0,11.363901961271354,7.041789812617718,0.4885595092719003,0.727035542913521,0.7778721303038448,0.9639244533906248,7.0,0.15928546588671
10,2,3,2,teleop,0.3187,5e-05,0.7071,0.8939,0.3223282239776877,0.0037974356957435,0.7646052558206042,0.0037277518091046,12.638209626633582,0.8407879556432915,6.424258612130289,7.687282113378384,0.3333181642215137,0.483328643786945,0.7420590360152725,1.147595732233798,17.4,0.1011814276243951
10,3,1,1,teleop,0.5723,0.0003,0.0,1.0,0.5927560381886863,0.0056019891463671,0.0873166271497703,0.0108491657985903,10.898349454278195,0.0,6.738925980427415,3.1776362707559977,0.5537272167773587,0.5926901211775122,0.1673878235793882,0.2798029625616642,6.8,0.2517483307082505
10,3,1,2,teleop,0.5123,2.69e-05,0.7071,0.866,0.4456436553391406,0.001072081841718,0.7542177374813872,0.0334061846512055,14.217170850029383,0.8611714539238478,8.702798225492412,4.5593198044408005,0.4383875603846441,0.8167350452066683,0.6762676303285099,7.571203305047056,23.933000000000003,0.3408851046492725
10,3,2,1,teleop,0.5723,0.0003,0.0,1.0,0.5927560381886863,0.0056019891463671,0.0873166271497703,0.0108491657985903,10.898349454278195,0.0,6.738925980427415,3.1776362707559977,0.5475404091023784,0.5834226314680084,0.1991384926933569,0.3230391710600422,8.133,0.2683019608100104
10,3,2,2,teleop,0.5123,2.69e-05,0.7071,0.866,0.4456436553391406,0.001072081841718,0.7542177374813872,0.0334061846512055,14.217170850029383,0.8611714539238478,8.702798225492412,4.5593198044408005,0.4373401967576271,0.8140123769836235,0.6931208011778129,1.3808569267476392,41.599,0.1067245894152861
10,3,3,1,teleop,0.5723,0.0003,0.0,1.0,0.5927560381886863,0.0056019891463671,0.0873166271497703,0.0108491657985903,10.898349454278195,0.0,6.738925980427415,3.1776362707559977,0.5637061455226473,0.6048922487701069,0.2066558201649976,0.3393315448913246,10.733,0.2213761566229578
10,3,3,2,teleop,0.5123,2.69e-05,0.7071,0.866,0.4456436553391406,0.001072081841718,0.7542177374813872,0.0334061846512055,14.217170850029383,0.8611714539238478,8.702798225492412,4.5593198044408005,0.4533727485193612,0.7821621774953267,0.6716161023779911,7.729643826229965,34.867000000000004,0.2744016729019081
