part_id,task_id,trial_id,section,trans,path_trans,rot,path_rot,move_time,inc_trans,inc_rot
10,1,1,1,0.5091005034371897,0.5902863668097103,0.04025823746953428,0.5163726489090417,7.467,"[0.008488592345024033, 0.010823164971485916, 0.012462519809412527, 0.013304168519678345, 0.013522973045894919, 0.012901244126052341, 0.013866946311282814, 0.014012644290068854, 0.014315942162498421, 0.013578306227214067, 0.013636410818100207, 0.013950229388794998, 0.014298905552523965, 0.014679802450986837, 0.01484979124432392, 0.015374205670537959, 0.015352735912533624, 0.015054657086762204, 0.015128231886112788, 0.014975927350251132, 0.014330321001289552, 0.014115572960386695, 0.013514488521583051, 0.013180128982676911, 0.013600415434831408, 0.01402650704915518, 0.014048533731318718, 0.014581971745960844, 0.01464116457116713, 0.014976284585971247, 0.014177908872608834, 0.01435639578724408, 0.013948598495906347, 0.01458055211574648, 0.013592402289514556, 0.012264852220878978, 0.010986637338148551, 0.009269120778153667, 0.006708002683362593, 0.003623823947158638, 0.0020538013535880066, 0.003335640867959249, 0.0036502191715019183, 0.002788494217315102, 0.002557029526618776, 0.0023066425817624744, 0.0025889959443768976, 0.0030163222639499276, 0.00405913783949253, 0.005250085713585998, 0.005477462916350955, 0.004110109487592761, 0.0026889031220927446, 0.0006161980201201688, 0.0019289893727026982, 0.0031573564892168897, 0.0028874383110293507, 0.002745560052156932, 0.0023251021482937205, 0.001895362762111781, 0.0010066777041337265, 5.4772255750510576e-05, 0.00028670542373662484, 1.4142135623705842e-05, 1.7320508075633984e-05, 1.7320508075633984e-05, 9.99999999995449e-06, 0.0, 1.4142135623666588e-05, 1.4142135623666588e-05, 1.7320508075633984e-05, 1.7320508075633984e-05, 9.99999999995449e-06, 1.4142135623666588e-05, 9.99999999995449e-06, 1.4142135623666588e-05, 1.4142135623666588e-05, 9.99999999995449e-06, 9.99999999995449e-06, 9.99999999995449e-06, 9.99999999995449e-06, 9.99999999995449e-06, 9.99999999995449e-06, 9.99999999995449e-06, 9.99999999995449e-06, 9.99999999995449e-06, 0.0, 0.0, 9.99999999995449e-06, 9.99999999995449e-06, 9.99999999995449e-06, 0.0, 9.99999999995449e-06, 9.99999999995449e-06, 0.0, 9.99999999995449e-06, 0.0, 0.0, 1.0000000000010001e-05, 1.4142135623705842e-05, 0.0, 9.99999999995449e-06, 0.0, 9.99999999995449e-06, 0.0, 0.0, 0.0, 9.99999999995449e-06, 0.0, 0.0, 9.99999999995449e-06, 0.0]","[0.011249228172054683, 0.01447469025840941, 0.016594153151269726, 0.018036668744707707, 0.018349213791833036, 0.016531546327781227, 0.015753276870024327, 0.01220020681088887, 0.008149415166507754, 0.004413301668054699, 0.005738491994162965, 0.005753267880191605, 0.006165315920846783, 0.006769902144359334, 0.006405945701476009, 0.007040667920962442, 0.005306963924895529, 0.005677577528335821, 0.0068704865680193185, 0.005759643366276885, 0.005792883033698945, 0.00542459880165879, 0.003846065292495256, 0.005805574447646857, 0.006789269257867228, 0.008671855122496585, 0.009120821054300284, 0.008840300275580044, 0.007046715935664851, 0.00685660150401402, 0.007588390891542509, 0.008293503134882849, 0.008633450235704715, 0.008616359980710333, 0.007808297495165138, 0.008307478372663664, 0.006973707557214738, 0.004470529418951534, 0.003908710714763815, 0.0037051067062215982, 0.004246578281429484, 0.003414031534911895, 0.002085090303834865, 0.0, 0.0, 0.0, 0.0017863372717188343, 0.003909068873638516, 0.004132435637990858, 0.00505389496978521, 0.0047319596132118545, 0.0013274789108309432, 0.0, 0.0, 0.0, 0.0024353239889590432, 0.0031346783002551477, 0.0013159788181337194, 0.0, 0.0, 0.003675161928791489, 0.004215616955900061, 0.003744064152162258, 0.0030609160908857997, 0.0029756018774617387, 0.0028686592065659436, 0.0027892660404259377, 0.002757536004934774, 0.0027253998968721016, 0.0027253998968721016, 0.0027253998968721016, 0.0027253998968721016, 0.0027253998968721016, 0.0027253998968721016, 0.0027253998968721016, 0.0027253998968721016, 0.0027253998968721016, 0.002692880313419762, 0.002692880313419762, 0.0027253998968721016, 0.0027253998968721016, 0.0027253998968721016, 0.0027253998968721016, 0.0027253998968721016, 0.0027253998968721016, 0.002692880313419762, 0.002692880313419762, 0.0027253998968721016, 0.0027253998968721016, 0.002692880313419762, 0.002692880313419762, 0.0027253998968721016, 0.002692880313419762, 0.0026599255951317417, 0.002692880313419762, 0.002692880313419762, 0.0026599255951317417, 0.002692880313419762, 0.002692880313419762, 0.002692880313419762, 0.002692880313419762, 0.002692880313419762, 0.002692880313419762, 0.002692880313419762, 0.0027253998968721016, 0.002692880313419762, 0.002692880313419762, 0.002692880313419762, 0.0026599255951317417, 0.0026599255951317417, 0.002692880313419762, 0.002692880313419762]"
10,1,1,2,0.4340656157771541,0.661255623320565,0.09089108374621939,0.32235419364481144,10.733,"[2.8284271247372432e-05, 0.00028705400188821795, 0.0008888756943464674, 0.0018501351301999699, 0.003951468081612214, 0.006583654000629136, 0.009107826304887476, 0.010534163469398004, 0.010731654112950151, 0.011125057303223204, 0.01115113447143384, 0.012690090622213886, 0.01478283464021701, 0.017267961663149457, 0.019471969597346858, 0.02140505781351687, 0.021099132683596276, 0.021534333052128637, 0.022233243128252783, 0.022267415656065707, 0.022232224360148937, 0.022819829096643124, 0.02208175038351806, 0.02350454211423826, 0.023346941983908735, 0.02348047060857171, 0.023526266172089434, 0.023439579774390155, 0.023081616061272653, 0.02169456153048503, 0.01876932071226873, 0.01613584828882569, 0.013414447435507784, 0.011317954762235058, 0.009296052925838981, 0.008796385621378848, 0.00854750255922744, 0.008278315045949875, 0.007562473140448173, 0.006629879335251893, 0.005326781392172907, 0.00433305896567312, 0.0034455043172227215, 0.0027405656350468085, 0.002896359784281003, 0.003481795513811823, 0.00440529227180218, 0.005196316002708063, 0.006043086959493475, 0.00657438210024331, 0.006185450670727238, 0.005347130071356037, 0.0050267683455675624, 0.0039579413841035966, 0.0035087319646846886, 0.0029208902752414305, 0.002083098653448758, 0.0012931743888586651, 0.00041665333312000484, 0.00030545048698601637, 0.00047053161424073526, 0.0007763375554486757, 0.001049857133137622, 0.0013575713609236355, 0.001481249472573727, 0.0010534704552098244, 0.0005163332257370276, 0.00014764823060229088, 0.00015066519173323562, 0.0001417744687875595, 0.00017916472867170104, 0.00030033314835359824, 0.0003295451410657046, 9.848857801798346e-05, 1.0000000000010001e-05, 1.0000000000010001e-05, 1.4142135623705842e-05, 1.7320508075674045e-05, 1.7320508075674045e-05, 1.9999999999992246e-05, 1.9999999999992246e-05, 1.0000000000010001e-05, 0.0, 0.0, 0.0, 0.0, 0.0, 0.0, 0.0, 0.0, 0.0, 0.0, 0.0, 1.0000000000010001e-05, 1.0000000000010001e-05, 0.0, 0.0, 0.0, 0.0, 0.0, 0.0, 0.0, 0.0, 0.0, 0.0, 0.0, 0.0, 0.0, 0.0, 0.0, 0.0, 0.0, 0.0, 0.0, 0.0, 0.0, 0.0, 0.0, 9.99999999995449e-06, 9.99999999995449e-06, 0.0, 0.0, 0.0, 0.0, 1.0000000000010001e-05, 1.0000000000010001e-05, 0.0, 0.0, 0.0, 0.0, 9.99999999995449e-06, 9.99999999995449e-06, 0.0, 0.0, 9.99999999995449e-06, 9.99999999995449e-06, 0.0, 0.0, 0.0, 1.0000000000010001e-05, 1.0000000000010001e-05, 1.0000000000010001e-05, 1.0000000000010001e-05, 0.0, 1.0000000000010001e-05, 1.0000000000010001e-05, 0.0, 0.0, 1.0000000000010001e-05, 1.4142135623745093e-05, 1.0000000000010001e-05, 0.0, 1.0000000000010001e-05, 1.0000000000010001e-05, 0.0, 1.0000000000010001e-05, 0.0, 1.0000000000010001e-05, 1.4142135623705842e-05, 5.0990195135978846e-05, 0.00034885527085024536]","[0.002626633580606826, 0.0031007108383727757, 0.002734557488862758, 0.002104139166842658, 0.0027122323848645566, 0.004409924207626722, 0.0074594542706413365, 0.008948504586927421, 0.009036113964379483, 0.009335150392618024, 0.008583813395955462, 0.009346156206851959, 0.010206855757346185, 0.010336409011499284, 0.006866220592175157, 0.007405609404109533, 0.011130744769670194, 0.012534833755081536, 0.009610354355840466, 0.00629866106111364, 0.004359865836242631, 0.004237927191454594, 0.00483309895090081, 0.003993347116339955, 0.0016404879163617336, 0.0034153493728635645, 0.003922935092032167, 0.0046554311447576015, 0.005145080990306794, 0.005207769320430575, 0.0062993278386163235, 0.005108782317371372, 0.005688416937432296, 0.005701937222245943, 0.0049174839836072575, 0.004817016178844327, 0.006440042184795517, 0.007511129425064116, 0.00611255399442648, 0.0033706691853298354, 0.0031290586425506187, 0.0026655964074445166, 0.002325640221017767, 0.002058009109483097, 0.0028684849035229922, 0.0037209697626993275, 0.0010008996371766155, 0.0016948748295213688, 0.004993701214647559, 0.0047295709844678135, 0.0038966677062410196, 0.0049490049495540195, 0.003710662447427735, 0.0, 0.0, 0.0017345318545149708, 0.003487694414711394, 0.004223769231684099, 0.004323173499780792, 0.0035586814082494375, 0.002952254448825144, 0.0037495888404555206, 0.002201999536602274, 0.0, 0.0, 0.002399417171306381, 0.0021319947752439093, 0.0, 0.0021863672848467077, 0.003204560623265824, 0.0, 0.0, 0.0, 0.0022912883487606604, 0.0, 0.0, 0.0, 0.0, 0.0, 0.0, 0.0, 0.0, 0.0, 0.0, 0.0, 0.0, 0.0, 0.0, 0.0, 0.0, 0.0, 0.0, 0.0, 0.0, 0.0, 0.0, 0.0, 0.0, 0.0, 0.0, 0.0, 0.0, 0.0, 0.0, 0.0, 0.0, 0.0, 0.0, 0.0, 0.0, 0.0, 0.0, 0.0, 0.0, 0.0, 0.0, 0.0, 0.0, 0.0, 0.0, 0.0, 0.0, 0.0, 0.0, 0.0, 0.0, 0.0, 0.0, 0.0, 0.0, 0.0, 0.0, 0.0, 0.0, 0.0, 0.0, 0.0, 0.0, 0.0, 0.0, 0.0, 0.0, 0.0, 0.0, 0.0, 0.0, 0.0, 0.0, 0.0, 0.0, 0.0, 0.0, 0.0, 0.0, 0.0, 0.0, 0.0, 0.0, 0.0, 0.0, 0.0]"
10,1,2,1,0.5315026417620142,0.5748030371987936,0.056502343805769316,0.3236128105289368,5.867,"[0.0, 3.1622776601662755e-05, 3.741657386770816e-05, 0.00018275666882497534, 0.001544474020500212, 0.004377579239716828, 0.007630504570472378, 0.011269396612064046, 0.014664808215588751, 0.01710399660898003, 0.019446907209116866, 0.021141726514170973, 0.02277865887184756, 0.024073250715264855, 0.024977249648430074, 0.02575993982912226, 0.027225477038979505, 0.027610336832425655, 0.026842257729185134, 0.025895182949730228, 0.024094997406100733, 0.022187642957285935, 0.02047877193583639, 0.01966098166419978, 0.018257738085535116, 0.017531585781098088, 0.01626641939702771, 0.014768239570104497, 0.012846921810301476, 0.01108936878275768, 0.009244966197883021, 0.007839317572340094, 0.006466281775487376, 0.0061058332764660425, 0.006604922406811447, 0.006699985074610232, 0.006596946263234226, 0.006431710503435298, 0.005906183200680459, 0.005103440016302731, 0.004342441709453335, 0.005757508141548701, 0.006246935248583917, 0.0054165117926576935, 0.0036116478233626293, 0.0005759340239992662, 0.00045617978911826826, 0.0008809086218218425, 0.00034249087579085605, 2.2360679775045084e-05, 0.00017832554500121496, 1.7320508075666032e-05, 4.242640687124509e-05, 2.2360679775014052e-05, 0.0, 1.4142135623705842e-05, 1.0000000000010001e-05, 1.4142135623784346e-05, 1.7320508075730132e-05, 1.0000000000065512e-05, 0.0, 0.0, 1.4142135623735281e-05, 1.4142135623735281e-05, 0.0, 0.0, 0.0, 0.0, 0.0, 0.0, 1.0000000000010001e-05, 1.0000000000010001e-05, 0.0, 0.0, 0.0, 0.0, 0.0, 0.0, 0.0, 0.0, 0.0, 0.0, 0.0, 0.0, 0.0, 0.0, 0.0, 0.0]","[0.0, 0.0, 0.0, 0.0, 0.0, 0.005507238569148724, 0.009667146828188037, 0.011566645649456152, 0.011691661863004995, 0.011198495905983418, 0.010701658423031649, 0.008106032308830335, 0.006519842833991895, 0.004105706233942925, 0.004108968697226666, 0.005499806927927018, 0.008529152419948992, 0.012587267054696512, 0.011886078550217762, 0.008873190890499878, 0.007798673492855314, 0.008227501555588284, 0.009166776337166309, 0.008600654392424117, 0.007307957148548292, 0.006967194296022055, 0.005097181206526927, 0.0027163955045483657, 0.002571770527345784, 0.004318706865397303, 0.00408049299753226, 0.0036761685515557525, 0.00157968367684402, 0.003610902126480213, 0.005252300773805249, 0.004302560697738015, 0.004942231248898593, 0.0060098842512552415, 0.003906842640093513, 0.002931758202205876, 0.004385935571398491, 0.004077109641248576, 0.004204381766579173, 0.0032273532562775652, 0.0, 0.0, 0.0031920853140184847, 0.002884407351274334, 0.0, 0.0, 0.0015526108604815817, 0.0030508371341907716, 0.0025124894667603952, 0.002363007109208095, 0.0024002505631513355, 0.002048951309475633, 0.002048951309475633, 0.002086049275049077, 0.0019096075796099891, 0.002002648581382658, 0.0019096075796099891, 0.0018117397434158826, 0.0018117397434158826, 0.0019096075796099891, 0.0018181311588421438, 0.001715109536184988, 0.0018117397434158826, 0.001715109536184988, 0.0016125757543457343, 0.0014954599348180153, 0.0014954599348180153, 0.0014954599348180153, 0.0014954599348180153, 0.0016125757543457343, 0.0016125757543457343, 0.0016125757543457343, 0.0016125757543457343, 0.0016125757543457343, 0.0014954599348180153, 0.0014954599348180153, 0.0016125757543457343, 0.0016125757543457343, 0.0016125757543457343, 0.0016125757543457343, 0.0016125757543457343, 0.0016125757543457343, 0.0016125757543457343, 0.0016125757543457343]"
10,1,2,2,0.44580670710522063,0.5082774064497824,0.09324961950793899,0.2882955720869804,7.066000000000001,"[9.999999999996123e-06, 9.999999999996123e-06, 0.0, 0.0, 2.2360679774964403e-05, 7.810249675910911e-05, 0.00038131351929871084, 0.0013516656391282886, 0.0030602287496198973, 0.005696156598970883, 0.008829886748990625, 0.011858591821966032, 0.014814550280045642, 0.017862435444250046, 0.021334572880655475, 0.024688825407459137, 0.028307248188405718, 0.031077379233133556, 0.03385193790612289, 0.035260972760262875, 0.03536318707356564, 0.03480203585998957, 0.03338078638977818, 0.030304735603532328, 0.02595563522628563, 0.02205050112809232, 0.017878663260993525, 0.01547559691902061, 0.013466721947081239, 0.011596762479243943, 0.008762887651910186, 0.006388583567583713, 0.004378287336390712, 0.004869116963064285, 0.003064539117061486, 0.0012109913294487296, 0.00017233687939612237, 0.0002090454496036866, 7.348469228349518e-05, 3.00000000000115e-05, 1.4142135623745093e-05, 1.4142135623735281e-05, 9.999999999996123e-06, 1.4142135623715654e-05, 9.99999999995449e-06, 9.999999999996123e-06, 9.999999999996123e-06, 9.999999999996123e-06, 0.0, 0.0, 0.0, 0.0, 0.0, 0.0, 0.0, 0.0, 0.0, 0.0, 0.0, 0.0, 0.0, 0.0, 0.0, 0.0, 1.0000000000010001e-05, 1.0000000000010001e-05, 9.999999999996123e-06, 1.0000000000010001e-05, 0.0, 1.0000000000010001e-05, 0.0, 9.999999999996123e-06, 1.0000000000010001e-05, 1.4142135623735281e-05, 1.0000000000010001e-05, 0.0, 0.0, 1.4142135623735281e-05, 1.4142135623735281e-05, 0.0, 0.0, 0.0, 0.0, 0.0, 0.0, 1.4142135623735281e-05, 1.0000000000010001e-05, 9.999999999996123e-06, 9.999999999996123e-06, 0.0, 0.0, 1.4142135623735281e-05, 1.4142135623735281e-05, 9.999999999996123e-06, 0.0, 9.999999999996123e-06, 9.999999999996123e-06, 0.0, 0.0, 0.0, 9.999999999996123e-06, 0.0, 0.0, 9.999999999996123e-06, 9.999999999996123e-06, 0.0]","[0.0002891366469614767, 0.0002891366469614767, 0.0002891366469614767, 0.0002891366469614767, 0.0007744675783205445, 0.002251533286751322, 0.0035094177067442126, 0.002800750814982262, 0.0016426809205290528, 0.004125727104956359, 0.006481724083071339, 0.007719488060639815, 0.007407526638885762, 0.007094322454410033, 0.00856653073210583, 0.008492269038591155, 0.00761778712157505, 0.00775046454717069, 0.007614675316176338, 0.007238454860759292, 0.007684405674865478, 0.007047737622599541, 0.006857986900978484, 0.007050716697257996, 0.0063905351094323045, 0.0067599684924602695, 0.007852599369823207, 0.009412112089305967, 0.009357768911897515, 0.00836496312084087, 0.006623228847053585, 0.004612183616154667, 0.003344967926978402, 0.0046149147119058055, 0.004110939527672772, 0.0040037509179600235, 0.0020827869714139164, 0.0017745987789754083, 0.0032204050930041603, 0.0025941094374840727, 0.0022227015170122114, 0.0020390687679570736, 0.0020202973514490937, 0.0020202973514490937, 0.001836845379642147, 0.001836845379642147, 0.001836845379642147, 0.001632911691543936, 0.0013995000248799483, 0.001632911691543936, 0.001632911691543936, 0.001632911691543936, 0.001632911691543936, 0.0013995000248799483, 0.0013995000248799483, 0.0013995000248799483, 0.0013995000248799483, 0.0012584912430569732, 0.0010994544654695422, 0.0012584912430569732, 0.0012584912430569732, 0.0010994544654695422, 0.0012584912430569732, 0.0013995000248799483, 0.0012584912430569732, 0.0012584912430569732, 0.0013995000248799483, 0.0012584912430569732, 0.0010994544654695422, 0.0007078135494940289, 0.0007078135494940289, 0.0012584912430569732, 0.0012584912430569732, 0.0010994544654695422, 0.0010994544654695422, 0.0010994544654695422, 0.0010994544654695422, 0.0012584912430569732, 0.0012584912430569732, 0.0010994544654695422, 0.0010994544654695422, 0.0012584912430569732, 0.0009359487506375478, 0.00040987803339965936, 0.0009359487506375478, 0.0012584912430569732, 0.0012584912430569732, 0.0009359487506375478, 0.0009359487506375478, 0.0012584912430569732, 0.0012584912430569732, 0.0012584912430569732, 0.0012584912430569732, 0.0010994544654695422, 0.0010994544654695422, 0.0010994544654695422, 0.0010994544654695422, 0.0009359487506375478, 0.0009359487506375478, 0.0007078135494940289, 0.0007078135494940289, 0.0010994544654695422, 0.0010994544654695422, 0.0007078135494940289, 0.0007078135494940289, 0.0010994544654695422]"
10,1,3,1,0.5284679170015906,0.5561184769444041,0.06250573947447823,0.2723092090591721,5.733,"[0.0, 0.0, 2.2360679775002367e-05, 0.0011096846398864874, 0.005897126418858571, 0.011807645828021796, 0.01735214684124128, 0.02130196235091969, 0.023340475573561035, 0.024181619052495242, 0.02507100516532992, 0.025205666029684676, 0.025564383426947727, 0.02530923546850044, 0.025353068847774652, 0.024920266852503793, 0.023955051659305587, 0.023337851229279852, 0.022041998548226083, 0.020023301426088568, 0.01870337135384953, 0.01696458369663107, 0.016003124694883793, 0.014677019452191232, 0.013965371459434963, 0.012367061089846667, 0.011208148821281795, 0.009792982181133596, 0.008895706829701599, 0.007971129154643024, 0.007044749818126976, 0.006415138346130984, 0.006274153329334581, 0.0069917236787504665, 0.008430723575114993, 0.007898170674276435, 0.007055628958498302, 0.006193133294221927, 0.0057683446498973945, 0.004748104885109443, 0.004009950124378127, 0.003257391594512339, 0.001905098422654351, 0.0016959068370638673, 0.001421407752898539, 0.00026907248094145444, 7.071067811865677e-05, 2.2360679774964403e-05, 3.0000000000002247e-05, 2.449489742786761e-05, 0.0, 2.2360679775007845e-05, 2.2360679775007845e-05, 1.4142135623735281e-05, 1.0000000000010001e-05, 9.999999999996123e-06, 9.999999999996123e-06, 1.0000000000010001e-05, 1.0000000000010001e-05, 9.999999999996123e-06, 9.999999999996123e-06, 1.0000000000010001e-05, 1.0000000000010001e-05, 1.0000000000010001e-05, 1.0000000000010001e-05, 0.0, 1.0000000000010001e-05, 1.0000000000010001e-05, 0.0, 0.0, 1.0000000000010001e-05, 1.0000000000010001e-05, 0.0, 0.0, 0.0, 1.0000000000010001e-05, 0.0, 1.0000000000010001e-05, 1.0000000000010001e-05, 1.0000000000010001e-05, 0.0, 0.0, 0.0, 0.0, 0.0, 0.0]","[0.0032433330419633618, 0.0032494936976907246, 0.003150652029572197, 0.0, 0.005365414155569179, 0.012431853863779133, 0.014201386887381795, 0.014234107659846654, 0.011316146274451298, 0.006727939561605854, 0.004460922886613671, 0.003483304791194875, 0.0036409084915514757, 0.005042246906486091, 0.005539050319674755, 0.005589157478661433, 0.006845172237406946, 0.007835426861405153, 0.007343448940144799, 0.006980529912999311, 0.006208971239251111, 0.00651807873663117, 0.005340231059908044, 0.005512229760784848, 0.006456418883986165, 0.005953444774796069, 0.003918650233191916, 0.002235442256299011, 0.005461563342647112, 0.007284039716317975, 0.00683556741866053, 0.00507070558129963, 0.004611121086486894, 0.0037285675675546425, 0.0055005887219150475, 0.006286169749975063, 0.0052091708899929395, 0.0030475903905529934, 0.0028066715467658107, 0.003974949157388005, 0.003156233240682739, 0.0, 0.0015591666018901485, 0.0, 0.0, 0.0028843726819635642, 0.0032831706752396903, 0.0018710962085812545, 0.0017932096536508295, 0.0014863379181677368, 0.0006625707631565376, 0.0010965400679927675, 0.0010965400679927675, 0.0012024143106104767, 0.0012024143106104767, 0.0006625707631565376, 0.0006625707631565376, 0.0006625707631565376, 0.00039191836170368843, 0.00039191836170368843, 0.0006625707631565376, 0.0006625707631565376, 0.00039191836170368843, 0.00039191836170368843, 0.0006625707631565376, 0.0006625707631565376, 0.0006625707631565376, 0.0006625707631565376, 0.0006625707631565376, 0.0006625707631565376, 0.0006625707631565376, 0.0006625707631565376, 0.0006625707631565376, 0.0006625707631565376, 0.0006625707631565376, 0.0006625707631565376, 0.0006625707631565376, 0.0006625707631565376, 0.0006625707631565376, 0.00039191836170368843, 0.00039191836170368843, 0.0006625707631565376, 0.00039191836170368843, 0.00039191836170368843, 0.0006625707631565376, 0.0006625707631565376]"
10,1,3,2,0.47596786088978743,0.56248623290109,0.09969553239619516,0.256808248582863,6.534000000000001,"[0.0001236931687684785, 0.002026302050534488, 0.005646414791706297, 0.009445554509926915, 0.014926218543221152, 0.018909029589061422, 0.023277667408913648, 0.025395537009482567, 0.026786888583782954, 0.02816830488332586, 0.029159027761569818, 0.03220396404171388, 0.03446998114301776, 0.03495236901842277, 0.03573472960580505, 0.034620521371001904, 0.03239850305183869, 0.02911647128345055, 0.025757253347358292, 0.021195874598609967, 0.016787548957486312, 0.013432609575209139, 0.010999663631220728, 0.009424155134546551, 0.007609842311112636, 0.006300373004830763, 0.005345680499244187, 0.00438065063660639, 0.0031648222698913175, 0.0019395360269920084, 0.0016172198366332866, 0.0005061620293937147, 0.00017029386365925665, 0.0007839005038906573, 0.0021980445855350693, 0.0031777665112465285, 0.0036025268909475206, 0.003491632855842644, 0.0018662797217995188, 0.0004333589736004034, 0.00025079872407968314, 0.000331360830515628, 3.1622776601662755e-05, 2.2360679775014052e-05, 2.2360679774995435e-05, 1.9999999999992246e-05, 1.0000000000010001e-05, 9.99999999995449e-06, 0.0, 0.0, 1.0000000000065512e-05, 1.414213562376472e-05, 1.414213562376472e-05, 1.0000000000065512e-05, 1.4142135623784346e-05, 2.236067977498923e-05, 1.4142135623715654e-05, 0.0, 0.0, 9.999999999982245e-06, 9.999999999982245e-06, 0.0, 0.0, 0.0, 0.0, 0.0, 0.0, 0.0, 0.0, 0.0, 0.0, 0.0, 1.0000000000065512e-05, 1.0000000000065512e-05, 0.0, 0.0, 0.0, 0.0, 0.0, 0.0, 1.414213562376472e-05, 1.414213562376472e-05, 9.999999999982245e-06, 1.9999999999992246e-05, 1.4142135623784346e-05, 1.0000000000065512e-05, 0.0, 0.0, 0.0, 0.0, 0.0, 0.0, 0.0, 0.0, 1.0000000000065512e-05, 1.0000000000065512e-05, 0.0, 0.0]","[0.0, 0.0, 0.002387467844285956, 0.0047056180102901185, 0.009689816027579698, 0.01221672035548733, 0.01178723074597422, 0.010892234525794759, 0.010854287480276625, 0.0100969434047111, 0.00830362548390378, 0.006758207886569307, 0.006285294746729505, 0.007005583539016147, 0.00821496071351836, 0.010501438638275285, 0.011994637339449582, 0.010303074251944142, 0.009752228143314695, 0.008061398881861836, 0.0062608088964896105, 0.006735307824709981, 0.008035580093901063, 0.006935502347346856, 0.006077146835681967, 0.003933804768402841, 0.003698542360642261, 0.0046295613485952, 0.0035727599384540835, 0.0, 0.0, 0.0014409026195896573, 0.002483949108217888, 0.0006758698226840938, 0.0010260604721132394, 0.0031761625400627685, 0.0011371895794282808, 0.0, 0.0005075431068445383, 0.0, 0.0, 0.0, 0.0, 0.0, 0.0, 0.0, 0.0, 0.0, 0.0, 0.0, 0.0, 0.0, 0.0, 0.0, 9.055385025439811e-05, 0.0, 0.0, 0.001019019180202473, 0.0, 0.0, 0.0, 0.0, 0.0, 0.000811172013755731, 0.0006208059377063656, 0.0006208059377063656, 0.0006208059377063656, 0.0, 0.0008752142872169425, 0.0012992306328065974, 0.0006208059377063656, 0.000811172013755731, 0.0014001429641839129, 0.0012992306328065974, 0.0006208059377063656, 0.0006208059377063656, 0.0006208059377063656, 0.0012992306328065974, 0.0014001429641839129, 0.000811172013755731, 0.0012992306328065974, 0.001977979088697307, 0.0017293353478059943, 0.0014002143836697337, 0.0016977634382167738, 0.0014001429641839129, 0.0009644688030318178, 0.0014001429641839129, 0.000811172013755731, 0.000811172013755731, 0.0016977634382167738, 0.0016977634382167738, 0.0014001429641839129, 0.0, 0.0, 0.000811172013755731, 0.0012992306328065974, 0.000811172013755731]"
10,2,1,1,0.4914774412930873,0.5209466781939174,0.7432476605621534,0.8099241119933283,6.267,"[0.0, 0.0, 0.0, 0.0, 1.999999999996449e-05, 1.0000000000010001e-05, 9.486832980502232e-05, 0.0010211268285575472, 0.0031005483386007983, 0.005083237157560083, 0.0069051140468496894, 0.008782146662405451, 0.010501761756962496, 0.012192104002181108, 0.013843586962922585, 0.01495706522015597, 0.015918426429770028, 0.01588063915590296, 0.015671276272212212, 0.015689480552268112, 0.01649469611723721, 0.017161873440857227, 0.01709961695477414, 0.01738584481697681, 0.01685033530823645, 0.01697314054616882, 0.016341621706550437, 0.015927086990407263, 0.014990563698540496, 0.014758746559244135, 0.014009396846402743, 0.013501455477095756, 0.012860458778752863, 0.012463586963631255, 0.011800385586920478, 0.011479677695824031, 0.01113909332037397, 0.010350057970852155, 0.00984708078569483, 0.008868105772937042, 0.008353639925206264, 0.007679466127277366, 0.0071878369486236505, 0.007074779148496439, 0.007074383365354199, 0.007650385611196334, 0.007239136688860082, 0.0062806448713487876, 0.005572162955262558, 0.004869209381408844, 0.004853720222674515, 0.004560581103324463, 0.0040973772098746464, 0.003998324649149941, 0.0036217813296774135, 0.002739087439276099, 0.0023853511271928005, 0.002297999129677819, 0.001728438601744356, 0.0008484102781084392, 0.0002617250465660542, 0.0001144552314225995, 0.00017058722109231997, 0.00014696938456697147, 4.12310562562414e-05, 2.2360679774914753e-05, 1.0000000000065512e-05, 0.0, 0.0, 0.0, 1.414213562369603e-05, 1.414213562369603e-05, 0.0, 9.99999999995449e-06, 9.999999999996123e-06, 0.0, 0.0, 9.999999999996123e-06, 9.999999999996123e-06, 0.0, 0.0, 0.0, 0.0, 0.0, 0.0, 0.0, 0.0, 0.0, 0.0, 0.0, 0.0, 0.0, 1.0000000000065512e-05, 1.4142135623774533e-05]","[0.0, 0.0, 0.0, 0.0, 0.0, 0.0, 0.0021216978316948255, 0.0035193767608091963, 0.0010293687839179537, 0.00430249097103283, 0.006607386686990925, 0.007692872796191539, 0.006765247561132865, 0.007026677959797703, 0.008291248025473524, 0.00787387581253423, 0.007369996326953245, 0.009973806927847191, 0.015768619221906293, 0.01925105309872441, 0.02213074307859798, 0.02469789072492071, 0.025791798605497067, 0.0241533467840769, 0.024549514615498293, 0.025738876696233766, 0.025712304890672624, 0.026296620470706317, 0.02640527808747583, 0.02616942648968884, 0.02466751414311617, 0.024239636307697966, 0.023664922047382575, 0.024385542176946794, 0.02495777898907371, 0.027103899558525733, 0.028860720959757308, 0.029270175360890854, 0.027925774457281286, 0.02470215026380037, 0.022240327967015264, 0.018911231012774254, 0.01622036277104299, 0.014182488199148555, 0.013255556299609056, 0.011523960676948003, 0.008521375440420866, 0.008149280184887217, 0.009464146478404826, 0.009970066368767981, 0.009769798319638777, 0.0076070545581756535, 0.0035392955621538756, 0.002694810641720947, 0.003263006197787456, 0.002159352174078619, 0.0008755569936440599, 0.002424583032137327, 0.0014132941422548065, 0.0017995001733122113, 0.0022014999335587438, 0.0, 0.0, 0.0005741080116256467, 0.0011269428266161194, 0.0, 0.0, 0.0, 0.0, 0.0, 0.003234472000253454, 0.003194058339024784, 0.003194058339024784, 0.003194058339024784, 0.0031810074712584346, 0.0, 0.0, 0.0030212260661710393, 0.0, 0.0, 0.0, 0.0, 0.0, 0.0, 0.0, 0.0, 0.0, 0.0, 0.0, 0.0, 0.0, 0.0, 0.0, 0.0]"
10,2,1,2,0.31706574018647926,0.5220939789549549,0.7581589007670069,1.0315349204543762,11.133000000000001,"[0.0, 1.0000000000003062e-05, 1.0000000000003062e-05, 0.0, 0.0, 0.0, 1.414213562369603e-05, 9.110433579143738e-05, 5.9999999999997555e-05, 2.9999999999992997e-05, 0.00027676705006195017, 0.0018328393273825414, 0.004336150366396411, 0.007107144292892892, 0.00970186064628842, 0.01166042023256455, 0.012861757267185527, 0.013697010622759994, 0.014182260045563968, 0.01480746095723368, 0.015380120285615471, 0.016503687466745118, 0.017650903659586378, 0.018421544452081103, 0.01836471889248512, 0.017924971408624358, 0.01670652866396845, 0.01597416351487614, 0.015056845619185995, 0.014410822322129984, 0.013666554064576751, 0.013085969585781601, 0.01239941127634693, 0.011724747332032355, 0.00978133426481275, 0.00785087256297032, 0.0066806361972494566, 0.005026857865506073, 0.0050338951121373186, 0.0051677848252418175, 0.005239169781558955, 0.00478565564996062, 0.0041650450177638885, 0.004247858283888482, 0.00504075391186678, 0.005994756041741791, 0.006588391305925918, 0.006231283976838154, 0.00494389522542702, 0.003633923499469937, 0.00425612499816441, 0.004635428782755731, 0.005504588994648031, 0.005448164828637234, 0.003254827184352498, 0.003216970624671615, 0.004798708159494619, 0.00525262791372092, 0.0054505596042975085, 0.00643310966795996, 0.007158470507028722, 0.006913739943040954, 0.005906403304888714, 0.004238454907156612, 0.002716413076098678, 0.0021176401960673196, 0.0013290974381135554, 0.0005600892785976483, 0.0010721007415350565, 0.002253552750658392, 0.003537810057083336, 0.004371658724100051, 0.005601758652423343, 0.006054312512581425, 0.004093580339995781, 0.0019001578881766264, 0.0007722693830523304, 0.0004652956049652839, 0.0009445104552095147, 0.0014574635501445163, 0.0013205301965498989, 0.0010177426000713234, 0.0006762396025078815, 0.0009752948272189411, 0.001827812900709462, 0.001682260384126063, 0.0009714936952960665, 0.00010954451150101608, 0.0005112729212465789, 0.00033778691508108016, 0.0005474486277268337, 0.00015264337522475014, 0.0006040695324215907, 0.0007317103251970611, 0.00014999999999995385, 9.999999999982245e-06, 2.236067977497061e-05, 2.2360679774995435e-05, 1.4142135623745093e-05, 0.0, 0.0, 0.0, 0.0, 0.0, 0.0, 0.0, 0.0, 0.0, 0.0, 1.0000000000010001e-05, 1.0000000000010001e-05, 0.0, 0.0, 0.0, 1.0000000000010001e-05, 1.0000000000010001e-05, 0.0, 0.0, 0.0, 0.0, 0.0, 0.0, 0.0, 0.0, 0.0, 0.0, 0.0, 0.0, 0.0, 0.0, 0.0, 0.0, 0.0, 0.0, 0.0, 0.0, 0.0, 0.0, 0.0, 0.0, 0.0, 1.0000000000010001e-05, 1.9999999999992246e-05, 1.9999999999992246e-05, 1.0000000000010001e-05, 0.0, 1.0000000000010001e-05, 9.99999999995449e-06, 9.99999999995449e-06, 2.236067977498302e-05, 9.999999999982245e-06, 1.414213562376472e-05, 1.0000000000065512e-05, 1.414213562376472e-05, 1.414213562376472e-05, 1.414213562376472e-05, 0.0, 1.414213562376472e-05, 9.999999999982245e-06, 1.0000000000065512e-05, 0.0, 1.0000000000065512e-05, 1.0000000000065512e-05, 1.0000000000065512e-05, 9.999999999982245e-06, 1.414213562376472e-05, 1.414213562376472e-05]","[0.0021649484590995282, 0.002103806462651111, 0.002103806462651111, 0.002083747002654536, 0.0019992001728876127, 0.001932770333715752, 0.0, 0.0, 0.0, 0.0012370126091394275, 0.0, 0.0, 0.0012727922921068275, 0.0059288534277551624, 0.008338045501580758, 0.008691091730097909, 0.008820504771221047, 0.009440744778694905, 0.011223543215985569, 0.013170820310590864, 0.017339317534342938, 0.02453662984933752, 0.03067146469934432, 0.035435930834792774, 0.03777425923775735, 0.03964188169959078, 0.03820694398756365, 0.038086915706882364, 0.03723566824913413, 0.03459670479132159, 0.032770646993917, 0.03461734922863667, 0.03260852368176301, 0.030610804712299145, 0.026235652839646628, 0.02358133092496405, 0.021684409717167296, 0.024258525472634386, 0.02630802762214479, 0.02622149489964482, 0.02669349187968467, 0.024740400568312525, 0.02076061367306176, 0.019272848708231177, 0.0147771233167359, 0.00890968715110206, 0.005590338217853983, 0.004481432093813892, 0.005137086531738969, 0.004900800758174404, 0.003893741023115876, 0.001549258041755367, 0.003233451578273479, 0.0035496215614334004, 0.0007299315199219442, 0.0072474429911202854, 0.012656561079234145, 0.011503697639207739, 0.009958575179603621, 0.009743672363015429, 0.005979139277990274, 0.004480963467548571, 0.004873873923635381, 0.007107729080886906, 0.011594994879566703, 0.014847479575134992, 0.013757034011733268, 0.011242763512678493, 0.009335728841910215, 0.004804814711792292, 0.0032416059602344283, 0.0, 0.0014749238605023332, 0.005062238114251596, 0.003875334668881788, 0.0033031515133895633, 0.0031641757779122676, 0.0, 0.0024478568161116917, 0.0046186186159741524, 0.003916480512751039, 0.0035892636891791487, 0.003961265014955967, 0.0039604066080158404, 0.0022382140404928323, 0.0007605261519331719, 0.0, 0.0, 0.0, 0.0, 0.0, 0.0023483190870145234, 0.0023770996320478808, 0.000906973018743039, 0.0, 0.0, 0.0, 0.0, 0.0, 0.0, 0.0, 0.0, 0.0, 0.0, 0.0, 0.0, 0.0, 0.0, 0.0, 0.0, 0.0, 0.0, 0.0, 0.0, 0.0, 0.0, 0.0, 0.0, 0.0, 0.0, 0.0, 0.0, 0.0, 0.0, 0.0, 0.0, 0.0, 0.0, 0.0, 0.0, 0.0, 0.0, 0.0, 0.0, 0.0, 0.0, 0.0, 0.0, 0.0, 0.0, 0.0, 0.0, 0.0, 0.0, 0.0, 0.0, 0.0, 0.0, 0.0, 0.0, 0.0, 0.0, 0.0, 0.0, 0.0, 0.0, 0.0, 0.0, 0.0, 0.0, 0.0, 0.0, 0.0, 0.0, 0.0, 0.0, 0.0]"
10,2,2,1,0.49416918985303,0.5216736822737308,0.7377706432297686,0.8067100706476156,5.2,"[0.0, 0.0, 0.0, 9.999999999999593e-06, 0.0, 1.4142135623705842e-05, 0.0001886796226411678, 0.0013155227098001565, 0.003266603740890515, 0.005975014644333573, 0.008608913984934427, 0.0101656037695751, 0.012538117881085692, 0.014506726026226551, 0.016395993413026257, 0.017578819641830376, 0.017824441085206543, 0.01884552732082602, 0.019248340188182476, 0.02049668265842057, 0.020531015561827477, 0.021110210799515933, 0.020649309915830104, 0.01996502441771611, 0.019430998430343186, 0.019032698179711694, 0.019183320880389824, 0.01861492412017841, 0.01760055965019296, 0.01650239679561728, 0.01499369867644402, 0.013339235360394594, 0.01208348459675435, 0.011173253778555265, 0.00992694817151777, 0.008599819765553213, 0.007665735450692291, 0.0072286444095694385, 0.007149734260795984, 0.007121720297793222, 0.0072668700277354935, 0.007197242527523972, 0.006937931968533585, 0.006610514352151428, 0.006195675911472448, 0.0053018958873218116, 0.004196879793370282, 0.002882724405835579, 0.0016923652088127882, 0.0006931810730249342, 0.0006952697318307463, 0.0007000714249274976, 0.00030822070014844416, 8.366600265336849e-05, 0.0001496662954709701, 0.0005416641025580816, 0.00031890437438205423, 0.00042118879377305653, 0.0010866922287382003, 0.0014900335566691133, 0.001727454775095433, 0.0017543374817862024, 0.0016562004709575549, 0.0012029962593458018, 0.0005333854141237929, 2.449489742780529e-05, 0.0003541186241925181, 0.000421188793773042, 0.0002828427124746271, 2.0000000000006124e-05, 9.999999999996123e-06, 9.999999999996123e-06, 9.999999999996123e-06, 1.4142135623725467e-05, 0.0, 0.0, 0.0, 0.0]","[0.0, 0.0, 0.0, 0.0, 0.0, 0.0, 0.0, 0.002114947202003177, 0.00664804954687821, 0.011660066052773262, 0.015606541691990342, 0.01601535145654878, 0.01572148500746432, 0.01440942027083165, 0.015911013192171274, 0.0178059084760264, 0.018024993664180616, 0.019455198242861595, 0.021227357815566752, 0.026984691684826465, 0.03132891437693892, 0.035484775891490634, 0.03594319519284532, 0.032745384535917764, 0.02940248083194718, 0.02839569997913201, 0.02852999140316038, 0.027702907437807924, 0.02579276411764271, 0.02531898190653876, 0.024985693445607592, 0.02464174355173537, 0.024590304380390678, 0.02342671336297586, 0.022077286898015535, 0.020209421081095035, 0.01851260078339039, 0.015961109246605095, 0.013196405843845462, 0.010959370518066123, 0.008074512631005372, 0.006958562738620197, 0.004570386893981729, 0.005520242511318438, 0.006596238152342199, 0.0063254038135718985, 0.006246048897924313, 0.005048807200396462, 0.001984036615339749, 0.0030260216435207756, 0.00298559987627713, 0.0, 0.0, 0.0, 0.002427756761910139, 0.002575034691790564, 0.0, 0.0, 0.0022100230740767024, 0.00276759912002633, 0.0031219237524662833, 0.006150765746724572, 0.006430423196570796, 0.002143408910795137, 0.0, 0.0, 0.0016782731188477622, 0.004036585453662936, 0.004286517016705811, 0.003928055478164341, 0.0, 0.0, 0.0, 0.0, 0.0, 0.003380741174019596, 0.003446333088284958, 0.0]"
10,2,2,2,0.3316537364481214,0.48273099920632523,0.7692814738778935,1.2882163687498533,13.067000000000002,"[1.4142135623774533e-05, 1.0000000000065512e-05, 1.0000000000065512e-05, 1.4142135623774533e-05, 1.732050807572212e-05, 9.999999999996123e-06, 0.0, 0.0, 3.0000000000002247e-05, 3.0000000000002247e-05, 2.2360679775032674e-05, 2.4494897427810954e-05, 0.0001319090595827296, 0.0007311634564172567, 0.001182581921052397, 0.0019447621962594593, 0.004086343108452837, 0.006720282732147523, 0.008899780896179392, 0.010565845919754863, 0.011582754421984425, 0.013075614708303401, 0.014412206631879797, 0.016040667068423296, 0.017522993465729532, 0.018015573818227385, 0.018974698943593285, 0.019377164395235968, 0.01911318916350696, 0.01913463090838179, 0.018849310332211103, 0.018826991262546444, 0.018498262080530688, 0.018305622087216818, 0.017322592184774176, 0.016450565339829533, 0.014426815310386398, 0.01212790583736533, 0.009337606759764494, 0.007783938591741361, 0.00619389215275823, 0.00552134947272856, 0.0043815750592680796, 0.0035848849353918933, 0.0031436443819236365, 0.0018580904176062247, 0.0017769918401612924, 0.0024631077930127206, 0.002483928340351219, 0.001702498164463053, 0.0022146105752479193, 0.004818153173156702, 0.006774208440843849, 0.00798124676977226, 0.008372323452901212, 0.007348816231203502, 0.005869761494302813, 0.0044582283476735495, 0.003423536183538896, 0.003131932310890499, 0.002266914202170034, 0.0008093207028118854, 0.0009470480452436917, 0.0015727046766637908, 0.0012974590552306342, 0.0012081804500984233, 0.0015785119575093235, 0.0016918037711271391, 0.001981161275615875, 0.0023258976761672263, 0.0018963385773642905, 0.0015399350635659451, 0.0019482812938588427, 0.001976587969203443, 0.0012305283418110008, 0.001041441308955981, 0.0013399253710561746, 0.0015710824294097173, 0.0011710678887237912, 0.001954737834084196, 0.0019904270898478036, 0.0014403471803700401, 0.0007718160402583113, 0.00015033296378373726, 0.0007149825172687651, 0.0014281456508353346, 0.001580189862010246, 0.0004616275555033726, 0.00028248893783651516, 7.071067811865874e-05, 0.00014247806848776984, 0.00028618176042506926, 0.00019798989873224626, 3.605551275465286e-05, 2.236067977502026e-05, 1.0000000000010001e-05, 0.0, 9.999999999982245e-06, 9.999999999982245e-06, 0.0, 9.999999999982245e-06, 9.999999999982245e-06, 9.999999999982245e-06, 0.0, 0.0, 0.0, 0.0, 0.0, 1.0000000000065512e-05, 1.0000000000065512e-05, 0.0, 1.0000000000065512e-05, 1.0000000000065512e-05, 1.0000000000065512e-05, 1.0000000000065512e-05, 0.0, 1.0000000000010001e-05, 2.236067977502026e-05, 2.236067977502026e-05, 1.7320508075738145e-05, 1.0000000000010001e-05, 1.0000000000010001e-05, 1.0000000000010001e-05, 1.0000000000010001e-05, 0.0, 1.4142135623784346e-05, 1.4142135623784346e-05, 1.0000000000010001e-05, 1.0000000000010001e-05, 0.0, 1.0000000000065512e-05, 1.0000000000065512e-05, 1.0000000000010001e-05, 1.0000000000010001e-05, 0.0, 0.0, 1.4142135623784346e-05, 1.0000000000065512e-05, 1.4142135623784346e-05, 1.0000000000010001e-05, 3.316624790353696e-05, 2.2360679774995435e-05, 2.2360679774995435e-05, 1.0000000000010001e-05, 0.0, 0.0, 0.0, 0.0, 9.999999999982245e-06, 9.999999999982245e-06, 1.0000000000010001e-05, 1.0000000000010001e-05, 0.0, 0.0, 0.0, 0.0, 9.999999999982245e-06, 1.4142135623686216e-05, 1.4142135623686216e-05, 9.999999999982245e-06, 0.0, 0.0, 9.999999999982245e-06, 1.4142135623686216e-05, 9.99999999995449e-06, 0.0, 0.0, 0.0, 0.0, 9.999999999982245e-06, 9.999999999982245e-06, 0.0, 0.0, 9.999999999982245e-06, 9.999999999982245e-06, 0.0, 9.999999999982245e-06, 9.999999999982245e-06, 0.0, 0.0, 0.0, 9.999999999982245e-06, 9.999999999982245e-06, 0.0, 0.0, 9.999999999982245e-06, 9.999999999982245e-06, 0.0, 0.0, 0.0, 0.0, 0.0, 0.0, 0.0, 0.0, 0.0]","[0.0, 0.0, 0.0035320550632159165, 0.0, 0.0, 0.0, 0.0, 0.0035320550632159165, 0.003856270014987792, 0.003856270014987792, 0.003737862526497369, 0.004054383124127597, 0.002345549513933792, 0.0, 0.0, 0.0, 0.004099466250110325, 0.005872861239020959, 0.00660675099956711, 0.006637888352840144, 0.009126312403964432, 0.013453688346276478, 0.01783152895777555, 0.022741554235901202, 0.027752816706632176, 0.03174057937718044, 0.03657727378263966, 0.040392692691734074, 0.04243929914718631, 0.04551789866501905, 0.04640896616635737, 0.0480121420241728, 0.04736722988953691, 0.0481180641955362, 0.04808178611862093, 0.05119726447681901, 0.05019085361707252, 0.041929924476995645, 0.03300204308278012, 0.022077069461269472, 0.012872594459949522, 0.008286482541778174, 0.007176699872770326, 0.0055347518644027795, 0.004498803633797028, 0.00513484741093177, 0.00841776801850359, 0.011317604305207379, 0.01239545752614438, 0.010734649810029135, 0.008129721029400407, 0.004681969675620063, 0.005107686043316948, 0.004812862424060452, 0.006059052097033608, 0.007231308862790551, 0.0044380888149802115, 0.0022669367439316986, 0.0036203058317290098, 0.008874250212045033, 0.00581055031750503, 0.0028630063917233963, 0.004261129835349481, 0.004585895425811615, 0.0010978160687660278, 0.0029103961893616873, 0.0029159914308812596, 0.0019486921772545317, 0.00343936210085958, 0.003975603201688962, 0.0040268128726282755, 0.004304512586766929, 0.0051655454050248215, 0.005318596307469472, 0.003078052546698957, 0.002961453428553951, 0.0011360458349060421, 0.0, 0.0, 0.0023873840719214625, 0.0022532203948926097, 0.002618740903371865, 0.003659728808127307, 0.002201045650622122, 0.0, 0.0, 0.0018130087976420402, 0.0, 0.002008681497032505, 0.00324545978954524, 0.001390827204222803, 0.0023239626568880597, 0.003082078441455316, 0.0019904274183777416, 0.0020886841757294873, 0.0023128775117868786, 0.0023128775117868786, 0.0024171890378461977, 0.0024171890378461977, 0.0025171816274182942, 0.0024242530556912653, 0.0024242530556912653, 0.002523926183857674, 0.002523926183857674, 0.002613312818376796, 0.002523926183857674, 0.0024312142874215897, 0.002523926183857674, 0.002523926183857674, 0.002523926183857674, 0.002619809902534034, 0.0025306132492842748, 0.0025306132492842748, 0.0025306132492842748, 0.002619809902534034, 0.002712269254618316, 0.002712269254618316, 0.002619809902534034, 0.0025306132492842748, 0.002626214759656577, 0.002626214759656577, 0.002626214759656577, 0.0025306132492842748, 0.0024381556440608264, 0.0024449954965089947, 0.002537243278304849, 0.002537243278304849, 0.002537243278304849, 0.002537243278304849, 0.0024449954965089947, 0.002537243278304849, 0.002626214759656577, 0.002626214759656577, 0.002537243278304849, 0.002537243278304849, 0.002537243278304849, 0.002537243278304849, 0.002626214759656577, 0.002626214759656577, 0.002626214759656577, 0.002854331012932206, 0.00298941577152291, 0.00298941577152291, 0.003065192874178772, 0.00298941577152291, 0.00298941577152291, 0.00298941577152291, 0.0029116328733079315, 0.0029116328733079315, 0.0029116328733079315, 0.00298941577152291, 0.003065192874178772, 0.003065192874178772, 0.003070766583364944, 0.003070766583364944, 0.00298941577152291, 0.0029116328733079315, 0.0029116328733079315, 0.0029950971112292276, 0.0029950971112292276, 0.0029950971112292276, 0.003076265180841581, 0.003076265180841581, 0.0029950971112292276, 0.0029116328733079315, 0.0029950971112292276, 0.0029950971112292276, 0.0029950971112292276, 0.003070766583364944, 0.003070766583364944, 0.003076265180841581, 0.003076265180841581, 0.003076265180841581, 0.003076265180841581, 0.0030498208487469793, 0.003044208789913727, 0.003070766583364944, 0.003076265180841581, 0.0029950971112292276, 0.0029950971112292276, 0.003076265180841581, 0.003149985429232138, 0.003070766583364944, 0.0029950971112292276, 0.003076265180841581, 0.003076265180841581, 0.003149985429232138, 0.003070766583364944, 0.0029116328733079315, 0.0029950971112292276, 0.0029950971112292276, 0.003070766583364944, 0.003149985429232138, 0.003076265180841581, 0.003149985429232138, 0.003149985429232138]"
10,2,3,1,0.49252507073244506,0.5267330204617482,0.7623275766207804,0.8861976924256408,12.733,"[1.0000000000010001e-05, 1.0000000000000026e-05, 1.0000000000000026e-05, 0.0, 2.0000000000000052e-05, 1.7320508075700337e-05, 5.477225575051889e-05, 0.0008978307190111106, 0.002817605366264044, 0.005099313679310222, 0.007445125922373623, 0.009760435441106117, 0.012171614519035675, 0.013953182432692529, 0.01624958461007542, 0.018166367275820442, 0.019265497657730026, 0.0207371888162306, 0.020717676027971865, 0.021047303865341052, 0.02084048463927839, 0.020980417059725007, 0.020651530209647925, 0.020423420379554427, 0.01972112065781254, 0.0192121237764074, 0.0184634503817678, 0.01793872626470449, 0.01711664102562186, 0.016525041603578466, 0.015161655582422405, 0.013416922150776634, 0.012271193910944389, 0.011023370627897822, 0.009892188837663773, 0.008637395440756453, 0.007786822201642978, 0.007252454756839239, 0.007411167249495861, 0.007106117083189672, 0.006641468211171374, 0.005981111936755573, 0.005165510623355666, 0.004547746694792924, 0.004415302934114423, 0.004430022573305981, 0.004005558637693366, 0.0036835309147610017, 0.0036441322698277526, 0.0035326052709013507, 0.003871872931799288, 0.0037957476206934523, 0.0033622314019115308, 0.0030871022010941066, 0.0026739109932830455, 0.0018611018241891024, 0.00068073489700471, 0.00010392304845413774, 6.08276253029723e-05, 0.0, 0.0, 9.999999999996123e-06, 1.4142135623730373e-05, 1.7320508075726128e-05, 1.4142135623774533e-05, 1.4142135623774533e-05, 0.0, 1.4142135623774533e-05, 1.4142135623774533e-05, 1.7320508075726128e-05, 1.414213562377944e-05, 1.414213562377944e-05, 1.7320508075726128e-05, 0.0, 1.4142135623774533e-05, 1.4142135623774533e-05, 9.999999999996123e-06, 9.999999999996123e-06, 1.4142135623730373e-05, 1.4142135623730373e-05, 1.0000000000003062e-05, 1.4142135623730373e-05, 9.999999999996123e-06, 1.4142135623730373e-05, 1.0000000000003062e-05, 0.0, 1.0000000000065512e-05, 1.0000000000065512e-05, 0.0, 0.0, 1.0000000000003062e-05, 1.0000000000003062e-05, 1.414213562377944e-05, 1.414213562377944e-05, 9.999999999996123e-06, 9.999999999996123e-06, 9.999999999996123e-06, 1.4142135623774533e-05, 1.0000000000065512e-05, 0.0, 0.0, 0.0, 0.0, 0.0, 9.999999999996123e-06, 1.4142135623730373e-05, 1.0000000000003062e-05, 1.0000000000003062e-05, 1.0000000000003062e-05, 1.0000000000065512e-05, 1.0000000000065512e-05, 0.0, 0.0, 0.0, 0.0, 0.0, 1.0000000000003062e-05, 1.0000000000003062e-05, 0.0, 9.999999999996123e-06, 1.0000000000003062e-05, 1.4142135623730373e-05, 9.999999999996123e-06, 0.0, 9.999999999996123e-06, 0.0, 0.0, 0.0, 1.0000000000003062e-05, 1.0000000000003062e-05, 1.0000000000003062e-05, 0.0, 1.4142135623730373e-05, 9.999999999996123e-06, 0.0, 0.0, 0.0, 0.0, 0.0, 0.0, 0.0, 0.0, 1.0000000000003062e-05, 1.0000000000003062e-05, 0.0, 0.0, 0.0, 1.0000000000003062e-05, 1.4142135623730373e-05, 0.0, 9.999999999996123e-06, 0.0, 9.999999999996123e-06, 9.999999999996123e-06, 0.0, 0.0, 0.0, 0.0, 1.0000000000003062e-05, 1.0000000000003062e-05, 9.999999999996123e-06, 9.999999999996123e-06, 0.0, 1.0000000000003062e-05, 1.0000000000003062e-05, 1.0000000000003062e-05, 0.0, 0.0, 1.0000000000003062e-05, 0.0, 9.999999999996123e-06, 0.0, 1.4142135623730373e-05, 0.0, 0.0, 1.4142135623730373e-05, 1.4142135623730373e-05, 1.4142135623730373e-05, 1.4142135623730373e-05, 9.999999999996123e-06, 0.0, 0.0, 0.0, 0.0, 0.0, 1.0000000000003062e-05, 1.0000000000003062e-05, 0.0, 1.0000000000003062e-05, 0.0, 1.0000000000003062e-05]","[0.0, 0.0, 0.0, 0.0, 0.0, 0.0, 0.0, 0.0, 0.002806172690212703, 0.00527020533639272, 0.008972844597996662, 0.012419475938021488, 0.01619827574371492, 0.016314554961297998, 0.017214421798671695, 0.017576357784788606, 0.018419169136109692, 0.02139748276765564, 0.022482377326041397, 0.024291006833310615, 0.024867687221555784, 0.025602324183782513, 0.028193266019384874, 0.030422823412986768, 0.029756003238781054, 0.02807159678188112, 0.025872810840562605, 0.024747857643401865, 0.023563040727817907, 0.022313889377684408, 0.023275907263223254, 0.02559580370200214, 0.029347139750196816, 0.03106817401799708, 0.031024300140350992, 0.029327039440614888, 0.027050634351330274, 0.023171845512420967, 0.021488521772967527, 0.01825005874607831, 0.016181486746315855, 0.013052356823373731, 0.010327640002863828, 0.008279335212509415, 0.00853857382438541, 0.00834662832810446, 0.006896679529251989, 0.004846054679746587, 0.002962533783631801, 0.0, 0.001550419453393402, 0.00323199769384188, 0.003060752736395954, 0.0021630075875388338, 0.0, 0.0, 0.0, 0.0, 0.0, 0.0, 0.0, 0.0, 0.0, 0.0, 0.0, 0.0, 0.0, 0.0, 0.0, 0.0, 0.0, 0.0, 0.0, 0.0, 0.0, 0.0, 0.0, 0.0, 0.0, 0.0032676305636875, 0.0032676305636875, 0.0, 0.0, 0.0, 0.0, 0.003211729887011698, 0.003266314358019006, 0.0, 0.0, 0.0, 0.0, 0.0, 0.003266314358019006, 0.003266314358019006, 0.0, 0.003211729887011698, 0.003211729887011698, 0.0, 0.0, 0.0, 0.0, 0.0, 0.003211729887011698, 0.003211729887011698, 0.0, 0.003168691906961406, 0.003168691906961406, 0.003168691906961406, 0.0049563141836134325, 0.003211729887011698, 0.0, 0.0, 0.0, 0.0031902991447183135, 0.003211729887011698, 0.0, 0.0, 0.0, 0.0, 0.0, 0.0, 0.0, 0.0, 0.0, 0.0, 0.0, 0.0, 0.0031902991447183135, 0.004942433583334774, 0.003168691906961406, 0.0031902991447183135, 0.0049563141836134325, 0.004942433583334774, 0.0031902991447183135, 0.0, 0.0, 0.0, 0.0, 0.0, 0.0, 0.0, 0.0, 0.0, 0.0, 0.0, 0.0, 0.0, 0.0, 0.0, 0.0, 0.0, 0.0, 0.0, 0.0, 0.0, 0.0, 0.0, 0.0, 0.0, 0.0, 0.0, 0.0, 0.0, 0.0, 0.0, 0.0, 0.0, 0.0, 0.0, 0.0, 0.0, 0.0, 0.0, 0.0, 0.0, 0.0, 0.0, 0.0, 0.0, 0.0, 0.0, 0.0, 0.0, 0.0, 0.0, 0.0, 0.003168691906961406, 0.003168691906961406, 0.0, 0.0, 0.0]"
10,2,3,2,0.30900477941287574,0.42129419984074806,0.7813791263022536,0.9429169072297473,13.201,"[9.99999999995449e-06, 0.0, 0.0, 9.999999999996123e-06, 9.99999999995449e-06, 9.999999999996123e-06, 1.414213562369603e-05, 1.414213562369603e-05, 1.414213562369603e-05, 9.999999999996123e-06, 1.414213562369603e-05, 9.999999999996123e-06, 0.0, 0.0, 0.0, 0.0, 0.0, 0.0, 0.0, 0.0, 0.0, 0.0, 0.0, 0.0, 1.0000000000003062e-05, 1.0000000000003062e-05, 9.99999999995449e-06, 9.99999999995449e-06, 1.0000000000003062e-05, 1.0000000000003062e-05, 1.0000000000003062e-05, 1.0000000000003062e-05, 1.0000000000003062e-05, 1.0000000000003062e-05, 1.0000000000003062e-05, 1.0000000000003062e-05, 0.0, 0.0, 0.0, 1.0000000000003062e-05, 1.0000000000003062e-05, 0.0, 0.0, 0.0, 0.0, 9.999999999996123e-06, 3.000000000001844e-05, 3.7416573867752725e-05, 3.741657386775087e-05, 0.001224459064240193, 0.004080931266267558, 0.008227721434273264, 0.012583044146787396, 0.01682078773422932, 0.018867615111613865, 0.020511135999744134, 0.021584749245705862, 0.022522419941027664, 0.022438487025644105, 0.021763101800984178, 0.021504755288075227, 0.021030917716542946, 0.020027104134147815, 0.019782196541334836, 0.01949951025026014, 0.018293061526163418, 0.01715009912507795, 0.015340795285773152, 0.013654995422921241, 0.010897623594160357, 0.007883026068712391, 0.005390157697136549, 0.003663086130573511, 0.0035279030598926488, 0.004034773847441776, 0.0037286056375004217, 0.0027903046428660854, 0.0015873877913099917, 0.0003258834147359798, 0.0014899664425751696, 0.001974082065163444, 0.0019292226413765812, 0.0015765151442342796, 0.0007590125163658245, 0.0006583312236253216, 0.002358686074915451, 0.002924328982860824, 0.002850087717948353, 0.0029907524136912633, 0.0028684664892586853, 0.0024122396232547005, 0.002707674278786133, 0.002744995446262139, 0.002082426469290094, 0.0014221814230259138, 0.0006546754921333144, 0.0008395832299420926, 0.0013379835574475099, 0.0005489080068645518, 7.874007874013694e-05, 5.916079783097557e-05, 0.00013490737563231337, 0.0003085449724108168, 0.00038091993909483555, 0.0002942787793912338, 0.00022203603311173972, 0.0001303840481040067, 4.582575694955577e-05, 5.916079783098026e-05, 0.00021563858652846865, 0.00028705400188814927, 0.0003312099032336302, 0.0001135781669159822, 9.999999999982245e-06, 1.4142135623686216e-05, 1.4142135623686216e-05, 9.999999999982245e-06, 0.0, 9.999999999982245e-06, 9.999999999982245e-06, 0.0, 0.0, 0.0, 0.0, 0.0, 0.0, 0.0, 0.0, 0.0, 0.0, 9.999999999982245e-06, 9.999999999982245e-06, 0.0, 0.0, 9.999999999982245e-06, 9.999999999982245e-06, 9.999999999982245e-06, 9.999999999982245e-06, 0.0, 0.0, 0.0, 0.0, 0.0, 0.0, 0.0, 0.0, 0.0, 0.0, 0.0, 0.0, 0.0, 0.0, 0.0, 0.0, 0.0, 0.0, 0.0, 0.0, 0.0, 0.0, 0.0, 0.0, 0.0, 0.0, 0.0, 0.0, 9.999999999982245e-06, 9.999999999982245e-06, 0.0, 0.0, 9.999999999982245e-06, 9.999999999982245e-06, 0.0, 0.0, 0.0, 0.0, 0.0, 1.4142135623725467e-05, 1.7320508075641997e-05, 1.414213562376472e-05, 1.0000000000065512e-05, 0.0, 1.4142135623784346e-05, 1.0000000000065512e-05, 1.0000000000010001e-05, 1.4142135623784346e-05, 1.0000000000010001e-05, 1.0000000000065512e-05, 0.0, 1.4142135623784346e-05, 1.4142135623784346e-05, 1.0000000000065512e-05, 1.0000000000065512e-05, 1.0000000000065512e-05, 1.0000000000065512e-05, 1.4142135623784346e-05, 1.0000000000010001e-05, 1.0000000000065512e-05]","[0.0, 0.0, 0.0, 0.0, 0.003135698974177953, 0.003113712869392852, 0.003113712869392852, 0.003135698974177953, 0.0, 0.0, 0.0, 0.0, 0.0, 0.0, 0.0, 0.0, 0.0, 0.0, 0.0, 0.0, 0.0, 0.0, 0.0, 0.0, 0.003171247140820207, 0.0031928684063762115, 0.0, 0.0, 0.0, 0.003171247140820207, 0.0049579481999153146, 0.0031928684063762115, 0.0, 0.0, 0.0, 0.0, 0.0, 0.0, 0.0, 0.003171247140820207, 0.003171247140820207, 0.0, 0.0, 0.0, 0.0, 0.0, 0.0, 0.0, 0.0, 0.0012766362916669682, 0.00445995885312064, 0.007663842866213753, 0.010806689435155142, 0.014633503383680921, 0.016258180169021436, 0.01960316571454417, 0.025526366380857094, 0.03131778028504229, 0.03550859156752631, 0.0391514928158813, 0.04361832441593831, 0.048278391492260035, 0.05146400405828433, 0.05330224201788803, 0.05296781931709641, 0.049659733768776027, 0.04468305238670814, 0.03865986988537557, 0.03657764294472416, 0.035459587495369475, 0.03271391509192118, 0.030266871856059602, 0.026566281410489084, 0.024032249090931285, 0.021217249765829845, 0.017311351307105434, 0.011999155282989865, 0.004621735390786313, 0.0, 0.0019879138063044846, 0.0029140017173459975, 0.0018745668910145742, 0.0, 0.0018990526806307558, 0.007168892529746069, 0.012052242873454523, 0.009199684609311708, 0.004844073274006125, 0.0036315030625089827, 0.002583099632254644, 0.003913006457576073, 0.00441257652541218, 0.00321530852432773, 0.002101285707540944, 0.00264918932970823, 0.0, 0.0, 0.0, 0.0, 0.0, 0.0, 0.0037810867528843884, 0.0, 0.0, 0.0027352156522360235, 0.0, 0.0, 0.0, 0.0, 0.0, 0.003461533181214659, 0.0023594920179354725, 0.0, 0.0, 0.0, 0.0, 0.0, 0.0, 0.0, 0.0, 0.0, 0.0, 0.0, 0.0, 0.0, 0.0, 0.0, 0.0, 0.0, 0.0, 0.0, 0.0, 0.0, 0.0, 0.0, 0.0, 0.0, 0.0, 0.0, 0.0, 0.0, 0.0, 0.0, 0.0, 0.0, 0.0, 0.0, 0.0, 0.0, 0.0, 0.0, 0.0, 0.0, 0.0, 0.0, 0.0, 0.0, 0.0, 0.0, 0.0, 0.0, 0.0, 0.0, 0.0, 0.0, 0.0, 0.0, 0.0, 0.0, 0.0, 0.0, 0.0, 0.0, 0.0, 0.0, 0.0, 0.0, 0.0, 0.0, 0.0, 0.0, 0.0, 0.0, 0.0, 0.0, 0.0, 0.0, 0.0, 0.0, 0.0, 0.0, 0.0, 0.0, 0.0, 0.0, 0.0, 0.0, 0.0]"
10,3,1,1,0.5579418469697358,0.6296616207711243,0.04681264963402197,0.3943617887389315,6.734,"[1.414213562373804e-05, 7.810249675906995e-05, 0.0015712733689590738, 0.003622443926412127, 0.005370940327354222, 0.006421650878084218, 0.007642028526510495, 0.008963514935559592, 0.01033891677111294, 0.012318559168993734, 0.014423383791607292, 0.016947595699685552, 0.018170580618131076, 0.018719350950286692, 0.019965562852071055, 0.020502668119052235, 0.021420992040519473, 0.021346744482473222, 0.02176920990757357, 0.0213125080645146, 0.020504167868996788, 0.019008590163397187, 0.018116437287722994, 0.016442791733765918, 0.014543211474774043, 0.013945418602537544, 0.013533731931732644, 0.012988156143194459, 0.01342590034224893, 0.013530332590147224, 0.014137393677761107, 0.014507356754419469, 0.014900449657644563, 0.014570456410147209, 0.013863296866185914, 0.01316607762395466, 0.012519896165703617, 0.011812675395523248, 0.010979549171072547, 0.010547516295318063, 0.010423718146611588, 0.009089587449384068, 0.0070559053281630596, 0.005118486104308567, 0.0032629587800032077, 0.003036922784662141, 0.0029013100489261863, 0.003383814415714882, 0.004086991558591753, 0.0038322839143257485, 0.0037492132508034326, 0.003624706884701128, 0.003295845870182657, 0.0036339647769344403, 0.004648107141622248, 0.0044426343536239825, 0.0030849473253202015, 0.001480574212932204, 4.582575694959514e-05, 0.0008851553535962002, 0.001248799423446357, 0.0015244671200127429, 0.0019080094339389362, 0.0020046695488284702, 0.001960331604601613, 0.0011034944494649715, 0.00013747727084862695, 0.00025238858928253177, 0.0003029851481508207, 0.00010246950765958808, 1.0000000000065512e-05, 1.0000000000003062e-05, 0.0, 0.0, 9.99999999995449e-06, 0.0, 0.0, 0.0, 0.0, 0.0, 0.0, 0.0, 0.0, 0.0, 0.0, 0.0, 1.0000000000010001e-05, 1.0000000000010001e-05, 0.0, 0.0, 1.0000000000010001e-05, 0.0, 1.0000000000010001e-05, 0.0, 0.0, 0.0, 0.0, 0.0, 0.0, 0.0, 0.0]","[0.0033202424801729146, 0.0032929940477823185, 0.0009647798048996864, 0.003505369107850671, 0.008008591811385562, 0.009972012035715358, 0.0109238448652608, 0.011840702599421521, 0.013309771416584706, 0.012698904169750369, 0.011510232955645879, 0.011855760051376753, 0.012099131613574246, 0.011280981765703205, 0.008860807734153446, 0.007957935298193747, 0.009534457963335947, 0.007846344107583593, 0.0063209439982242115, 0.006111294154165327, 0.00876931541289686, 0.009655212281996499, 0.010793680145578483, 0.005987512597341644, 0.003959219680263073, 0.004624049967122206, 0.002910052572769856, 0.002097904100338757, 0.004065073524023741, 0.007305808470381248, 0.011505123210886248, 0.01094770282027162, 0.011036423166870268, 0.010068438626652661, 0.008122472697391815, 0.007512314251106686, 0.006278513318671208, 0.006924318852400619, 0.006142517287938446, 0.004971745258547773, 0.005359819845211686, 0.004886742015110991, 0.004051200124270619, 0.004168288036654391, 0.004547552708802025, 0.005480043353337671, 0.004118133553836373, 0.0017920939873436227, 0.0030736960549123467, 0.003907175376286641, 0.0037534805901903584, 0.0038287619288583145, 0.004266664694657509, 0.002562733617548484, 0.0033276433429740597, 0.004607758409937038, 0.00326980267384349, 0.0022097063123175703, 0.0030060284104901276, 0.0034968003173784555, 0.00043657760253191087, 0.0, 0.0033185855582076288, 0.0, 0.0, 0.0, 0.0, 0.0, 0.0, 0.0, 0.0, 0.0, 0.0, 0.0, 0.0, 0.0, 0.0, 0.0, 0.0, 0.0, 0.0, 0.0, 0.0, 0.0, 0.0, 0.0, 0.0, 0.0, 0.0, 0.0, 0.0, 0.0, 0.0, 0.0, 0.0, 0.0, 0.0, 0.0, 0.0, 0.0, 0.0]"
10,3,1,2,0.4370081588483217,0.5418232144702939,0.812636678256914,19.777753640866916,12.867,"[9.99999999995449e-06, 9.99999999995449e-06, 0.0, 2.2360679774995435e-05, 8.062257748300071e-05, 0.0003912799509302805, 4.1231056256138744e-05, 0.00013379088160260326, 0.0003906404996924973, 0.0016071714283174535, 0.0036731594030208264, 0.005479370401788867, 0.007212835780745334, 0.008240588571212593, 0.00855627839659277, 0.008305931615417988, 0.007568639243615744, 0.0074092037358949045, 0.007353604558310205, 0.00723547510534037, 0.007444628936354016, 0.007708404504175972, 0.009091743507160745, 0.009346673204943047, 0.010841669613117718, 0.011976109551937146, 0.011920310398643143, 0.011865690034717739, 0.010931729048965685, 0.0096728744435147, 0.007970081555417114, 0.006163375698430191, 0.004409194937854309, 0.0038867724399557924, 0.0031913790122766847, 0.0027793704323101666, 0.002105920226409352, 0.002160231469079159, 0.0026126040649130135, 0.0028658506590539486, 0.0029580229884164336, 0.0033174387711003817, 0.003850792126303368, 0.004460863145177185, 0.00530993408621991, 0.005318796856432843, 0.00456085518296735, 0.0033192318388446363, 0.0028803819191211286, 0.0016845177351396492, 0.0008712060605849869, 8.062257748298522e-05, 8.30662386291853e-05, 0.0006484597134749122, 0.0014002142693173797, 0.0018556131062266424, 0.002708302051101395, 0.0034075504398321057, 0.003840221347787126, 0.0036227199726172683, 0.002195404290785629, 0.0025839698140651852, 0.003704821183269169, 0.003472895045923506, 0.0029628702300303197, 0.00247014169634052, 0.0018693849255838133, 0.0013912224840046178, 0.0016108072510390625, 0.0023274019850468494, 0.002659981202941095, 0.003239521569614873, 0.003098725544477926, 0.0032919750910357717, 0.0037784388310517863, 0.0037646912223979275, 0.004261091409486542, 0.004370560604773725, 0.0032904406999670994, 0.0026928237966862933, 0.0024637572932413657, 0.0028952720079467474, 0.002707415741994568, 0.0016626785618392994, 0.0010370631610466159, 0.0002111871208194311, 0.0, 9.055385138136937e-05, 0.0003033150177620576, 0.0005804308744372549, 0.0009389888178248103, 0.0017561605849124265, 0.0033528644470064966, 0.0045142551988118845, 0.004837209939624301, 0.004477867796172567, 0.0038617742036530472, 0.002951237028772893, 0.002421838144880836, 0.00262729899326283, 0.002199409011530168, 0.0012434629065637658, 0.001399749977674587, 0.0015437940277122312, 0.0018661725536509239, 0.002203292990049213, 0.00261753701024456, 0.003352491610727759, 0.0033804733396375136, 0.0028228708790874616, 0.0022439474147136593, 0.001798916340467228, 0.0013654303350958304, 0.0013552121605121795, 0.0013908630414242616, 0.0009161331780914741, 0.00028089143810375815, 0.0005108815909777956, 0.0008295179322956238, 0.0013162446581088164, 0.002005392729616813, 0.0020572554532677836, 0.001694845125667833, 0.0015184531602917572, 0.0017937948600662145, 0.00205002439009881, 0.002085065946199278, 0.002016531675922797, 0.0022500222221124837, 0.002460975416374574, 0.0023104545007422254, 0.002239330257018822, 0.0022951252689123506, 0.002372804248141857, 0.0026125466503011934, 0.0032709937327974176, 0.0035148115169949022, 0.0036806249469349592, 0.0031758306000163245, 0.0030173332596847833, 0.0030796428364341113, 0.003213860606809197, 0.0036540114942348045, 0.0038212170836004655, 0.004066472672968545, 0.00395182236442885, 0.004170299749418498, 0.0038285506396024036, 0.0036134332704506897, 0.003011411629120154, 0.002602383522849766, 0.002667320753115367, 0.0027443031902470417, 0.0025765674840764405, 0.0027484541109503626, 0.002617040313025394, 0.002686466080187884, 0.002854715397373239, 0.002691765220074006, 0.002202203442009835, 0.001979368586191058, 0.0023728885350981126, 0.002428044480646902, 0.002414829186505775, 0.0023834848436690256, 0.001987007800689268, 0.0016658331248957901, 0.0014173919711921415, 0.0016029348084061403, 0.0015489996772110582, 0.0013231402042111788, 0.000518266340794002, 0.0002445403852127497, 0.0004935585071701214, 0.0005221110992882442, 0.0002875760768910009, 2.2360679775007845e-05, 2.449489742780529e-05, 3.316624790354532e-05, 2.2360679775045084e-05, 1.4142135623784346e-05, 1.0000000000010001e-05, 8.77496438739046e-05, 0.00014491376746190044, 0.00021400934559034516, 0.0002362202362203603, 0.000195192212959436, 7.348469228345741e-05, 3.1622776601706645e-05, 1.4142135623745093e-05, 1.9999999999992246e-05, 2.236067977497061e-05, 3.16227766016847e-05]","[0.0, 0.0, 0.0, 0.0, 0.0, 0.0, 0.0011172287723914985, 0.003041546832090918, 0.0037324008590050688, 0.002505075504213758, 0.0, 0.004039680951822216, 0.006693621388104173, 0.006099927489421094, 0.006161486842042081, 0.009626272153139723, 0.01392588001005553, 0.01708777062317542, 0.017382330326432154, 0.015620382874464687, 0.014092767187800935, 0.014100060064365748, 0.0149748051889163, 0.015867976659045956, 0.018738657226758246, 0.020442503586471133, 0.02110136302908399, 0.02237494773645761, 0.021459069662430347, 0.02099357489059442, 0.020246392331228446, 0.017697807069822755, 0.01517559289629298, 0.013624531972066629, 0.01246671620403815, 0.010660012949736375, 0.0066841129806775165, 0.004847437055966333, 0.006298629308076109, 0.006718851823311716, 0.008029865905369681, 0.009095447779735874, 0.010745441405543052, 0.011981874543457522, 0.016737901320558586, 0.019550585017616626, 0.02028320252177262, 0.018666513261562427, 0.015564552373772722, 0.012846543101684154, 0.009256760332981867, 0.003340749972701069, 0.0, 0.0025186908015132833, 0.0009544632362031807, 0.0038942032772146242, 0.006372106197205149, 0.007856126108489254, 0.010991461062757911, 0.010900705326636518, 0.006471610786584237, 0.008401096065901888, 0.01406480220255578, 0.01786841612739746, 0.01697881990586087, 0.014802729516252004, 0.016535139231351137, 0.015857833072509545, 0.014285519611248918, 0.014959865432161167, 0.0122959060195109, 0.00982384731897327, 0.006066474500586615, 0.004224242717283779, 0.00367785470723458, 0.0029278671628423934, 0.0033263809466583965, 0.002503198608156388, 0.002744085407796124, 0.0, 0.002567217096319998, 0.00710681451691782, 0.0067728853048719265, 0.0035617991818963296, 0.004511987869823993, 0.003128003832849053, 0.0023817226289988775, 0.004518366378845111, 0.004501892294289682, 0.002985231417829786, 0.0, 0.0027354350048635094, 0.0018746735793613305, 0.0, 0.003105158248356008, 0.0022004549424627334, 0.0022311436675011603, 0.003104546301979659, 0.0020112188751019618, 0.0020500735284327875, 0.00420419148404535, 0.0047835597240698125, 0.002428045077067068, 0.0, 0.0, 0.0017686720485704417, 0.001827019684694878, 0.0, 0.0, 0.00298090700623473, 0.0029349967945317317, 0.002271431755123726, 0.001862686501575022, 0.0015637776370573118, 0.001087474191175285, 0.0011670476231511716, 0.0, 0.0, 0.0, 0.0030663019040709128, 0.0024695754897851585, 0.0, 0.0, 0.001858171411199908, 0.0, 0.002723784974387436, 0.0019028928221794283, 0.0, 3.141592653589793, 0.0010255730556119173, 0.0014722772806964283, 0.0, 0.0, 0.0, 0.003669933938976136, 3.1379618940988405, 0.0, 0.0, 0.0013646245963497207, 0.0013948477750077327, 0.001389748290363943, 0.0032196908167374254, 0.002405494292244923, 3.13798316413211, 0.0038440367058261275, 0.0015049253893227158, 0.0, 0.0, 0.0, 0.0, 0.0029285843217880005, 0.0007073895820180149, 0.0, 3.137854684051538, 0.002682052257501849, 0.0027205522536496492, 0.0, 0.0, 0.0017371242785556166, 0.0009313431498363861, 0.0, 0.0, 0.0, 0.0, 3.1398064842674205, 0.0009396808313247211, 0.0006992853637640893, 3.138087969214205, 0.0, 0.0, 0.002062959405631641, 0.0, 0.0, 0.0, 0.0, 0.0, 0.0017281205812025699, 0.0026788811641730668, 0.0, 0.0, 0.0, 0.0, 0.0, 0.0, 0.0013240091600554892, 0.0025198022461237674, 0.0, 0.0015414929355671734, 0.0027229037039183763, 0.0, 0.0, 0.0, 0.0]"
10,3,2,1,0.556826882522746,0.6295837635426986,0.04849981285260283,0.3301356685317935,6.867,"[0.0, 0.0, 0.0, 1.0000000000000026e-05, 9.99999999995449e-06, 0.00020736441353329043, 0.0016036209028320934, 0.003743127034980262, 0.0060867479001515765, 0.008196889654009026, 0.010475900915911725, 0.013018429244728416, 0.014951899544873887, 0.016515450342028205, 0.017706685178203178, 0.0180092337427221, 0.017611501923458988, 0.01799920831592324, 0.017980241933856146, 0.017759037136061213, 0.017672405042891016, 0.01787008673733845, 0.018004957650602792, 0.018959541133687828, 0.01931932969851699, 0.01914037094729353, 0.018361206387381, 0.017311039830119973, 0.016072165379935607, 0.01479617856069596, 0.013708851155366767, 0.01364531054978228, 0.012866833332253892, 0.012722554774887007, 0.012435312621723671, 0.01254936253361104, 0.0123855762885705, 0.011921719674610677, 0.011790797258879514, 0.011451746591677595, 0.010807043999170181, 0.010109747771334356, 0.009782049887421367, 0.009832781905442617, 0.009315884284382238, 0.00880816666508983, 0.008681180795260559, 0.008095115811401307, 0.007654841605154209, 0.007473105110996352, 0.006864262524117236, 0.00698721689945287, 0.006861785481928157, 0.005342040808529993, 0.004459887890967667, 0.004252599205192051, 0.004483670371470231, 0.003956943264693106, 0.00349722747329938, 0.002873795399815373, 0.0016544183267843795, 0.0008003124389886848, 0.00020808652046690017, 9.110433579144652e-05, 0.000195192212959468, 0.0003651027252705982, 5.477225575048017e-05, 0.00020832666656004807, 0.0005516339365919402, 0.0003906404996925099, 9.99999999995449e-06, 1.4142135623705842e-05, 1.0000000000010001e-05, 0.0, 0.0, 0.0, 0.0, 0.0, 0.0, 0.0, 0.0, 0.0, 0.0, 0.0, 0.0, 1.0000000000010001e-05, 1.0000000000010001e-05, 0.0, 0.0, 0.0, 0.0, 0.0, 0.0, 0.0, 0.0, 0.0, 0.0, 0.0, 0.0, 0.0, 0.0, 0.0, 0.0]","[0.003636786298039211, 0.003636786298039211, 0.003646863685406077, 0.003636786298039211, 0.0033564282468329094, 0.0017197094897327225, 0.003307236001527984, 0.005892054008178676, 0.008522103000234527, 0.010698013437788697, 0.011864621836541205, 0.011550709215310723, 0.010871060843851272, 0.010279500497404668, 0.008767057220283604, 0.006420774223867053, 0.005394781792176946, 0.006193167412086984, 0.006172691550758005, 0.0050563677152401666, 0.0032206845493322755, 0.0023841565997880973, 0.003685975499441347, 0.00304827938270056, 0.004515178250677291, 0.005525421040503868, 0.005866796291316956, 0.00578355368601327, 0.005817516261121977, 0.006575724736418229, 0.0050898188501815106, 0.005108938908710383, 0.005196081287523492, 0.0070881457626680855, 0.008607337416201606, 0.007592764777088591, 0.00719056484408102, 0.00934930140166583, 0.009203227576818105, 0.00607373965590043, 0.0035882326868013317, 0.0022438364718626916, 0.004306068816336953, 0.006008769310964825, 0.004543746859168086, 0.00447088730521914, 0.0035443212538579716, 0.005510614924436885, 0.007285192841463984, 0.007722143246893633, 0.006258412565674074, 0.005692599363268373, 0.005181356970999773, 0.003825809437628942, 0.003508762264789497, 0.0, 0.0, 0.0, 0.0004469899366058429, 0.0, 0.0, 0.0023741530379201787, 0.0, 0.0, 0.0009592705930875013, 0.0, 0.0021140959450139836, 0.003003698850306975, 0.0, 0.0, 0.0, 0.0, 0.0, 0.0, 0.0, 0.0, 0.0, 0.0, 0.0, 0.0, 0.0, 0.0, 0.0, 0.0, 0.0, 0.0, 0.0, 0.0, 0.0, 0.0, 0.0, 0.0, 0.0, 0.0, 0.0, 0.0, 0.0, 0.0, 0.0, 0.0, 0.0, 0.0, 0.0]"
10,3,2,2,0.44828535532626984,0.5696194547718818,0.8002492052655624,1.1057213544010565,19.6,"[0.0, 0.0, 0.0, 0.0, 1.0000000000065512e-05, 1.0000000000065512e-05, 0.0, 0.0, 1.0000000000065512e-05, 0.0, 1.0000000000010001e-05, 0.0, 9.99999999995449e-06, 1.4142135623705842e-05, 0.00010770329614274238, 0.00040558599581348286, 0.001080509139248685, 0.0023140656861895814, 0.0036868550283405536, 0.005380427492309477, 0.00630708331957015, 0.007662969398346873, 0.008465843135801652, 0.00968988648024318, 0.009919238882091721, 0.009458482965042543, 0.008655085210441298, 0.007763929417505026, 0.006948453065251337, 0.006262188115986291, 0.006043657832802889, 0.007190222527849885, 0.008164912736827009, 0.009140793182213492, 0.008703958869388066, 0.008054967411479735, 0.007297506423429842, 0.00686785264839019, 0.006517277038763952, 0.005924913501478326, 0.005068895343168955, 0.004847855195857225, 0.004633281774293475, 0.0048078685506157464, 0.005058566990759358, 0.004828260556349439, 0.004239162653166321, 0.0038849710423631036, 0.0038656176738006624, 0.004013153373595393, 0.005201163331409612, 0.005842995806946985, 0.006037424947773672, 0.0064210045942983095, 0.006572457683393622, 0.0057609808192702824, 0.005485079762410024, 0.005624028805047133, 0.006235086206300619, 0.006683315045694008, 0.0071276012795329765, 0.006986844781444627, 0.006772894506782126, 0.0057468165100340515, 0.0044980662511795045, 0.0034535488993208273, 0.002788081777853728, 0.0025728194651004972, 0.002452366204301471, 0.00267480840435348, 0.002944927842919074, 0.0029820965779129268, 0.003111173412074617, 0.002855240795449662, 0.003128673840463396, 0.003790052770081207, 0.003142610379923025, 0.0025911773385857008, 0.002626194966105902, 0.0026729197518818096, 0.0027465250772567306, 0.00264546782252213, 0.00245069377932046, 0.0023362148873765946, 0.0022973898232559503, 0.002013107051301532, 0.0012912397143830245, 0.0008261355820929207, 0.0009100549433962766, 0.001120580206857142, 0.001251159462258909, 0.0011400438588054413, 0.0009509468965194661, 0.0008855506761332112, 0.001137233485261492, 0.001615332783051217, 0.0018369812192834294, 0.0017267599717389755, 0.0015723549217654409, 0.0016811008298136091, 0.0017411490458889502, 0.0013982131454109566, 0.000879204185613325, 0.0005879625838435855, 0.00042591078878090457, 0.00036674241641787683, 0.00020149441679611388, 0.00016155494421401243, 0.00045321076774498744, 0.0008141867107734135, 0.0011289818421923257, 0.0015602563891873801, 0.0015182555779577815, 0.0010350362312499144, 0.0005591064299397667, 0.001137760959077067, 0.0016098757716047415, 0.001883215335536549, 0.0020341583025910224, 0.001783255450012697, 0.0014435026844450303, 0.0011519548602267377, 0.0012028299963003904, 0.0015156186855538616, 0.0017874283202411222, 0.001998674560802729, 0.0020285462775100844, 0.002191551961510383, 0.002393094231324791, 0.0019700253805471596, 0.0011876447280226546, 0.0005429548784199236, 4.690415759821611e-05, 0.00015811388300843008, 0.00018493242008906288, 0.00030265491900843805, 0.00038236108588609983, 0.00033120990323358244, 0.00020248456731316753, 4.999999999999449e-05, 8.06225774829835e-05, 1.414213562369603e-05, 9.219544457289614e-05, 9.539392014172742e-05, 5.099019513592305e-05, 2.2360679774976813e-05, 4.123105625616062e-05, 6.164414002967937e-05, 5.196152422708223e-05, 0.0, 9.486832980504313e-05, 0.00017378147196981902, 2.2360679774976813e-05, 3.1622776601706645e-05, 1.0000000000003062e-05, 2.2360679774995435e-05, 0.0, 9.999999999996123e-06, 9.999999999996123e-06, 1.4142135623725467e-05, 1.414213562369603e-05, 0.0, 0.0, 9.999999999996123e-06, 9.999999999996123e-06, 3.316624790356834e-05, 1.732050807572212e-05, 1.732050807572212e-05, 0.0, 1.4142135623705842e-05, 0.0, 1.0000000000010001e-05, 1.0000000000010001e-05, 1.0000000000065512e-05, 5.916079783099316e-05, 0.00018708286933868313, 0.0, 4.242640687120911e-05, 4.123105625617745e-05, 0.00044034077712612414, 0.0010428326807306312, 0.0017394826817189455, 0.0026023450962544973, 0.0029636464026600675, 0.002844468315872073, 0.0025956309444911457, 0.0020069379661564034, 0.0016071403174583276, 0.0009278469701410877, 0.0007946068210127237, 0.0012175795661886247, 0.0016954055562018022, 0.0016962605931872695, 0.0016755894485225276, 0.0016739175606940665, 0.0014897650821522185, 0.001350666502138841, 0.0012728707711311632, 0.0016197839362087855, 0.00138499097469983, 0.0011671332400373128, 0.0008547514258543193, 0.0008670640114778137, 0.001063296760081595, 0.0013092364186807765, 0.0017118995297621764, 0.0017812916661793636, 0.0014249561396758649, 0.001335440002396216, 0.00192771885917009, 0.0020277327240048127, 0.0018171130949943763, 0.0022084157217335605, 0.0029232516142131764, 0.0035380927065298854, 0.0033643127084146064, 0.0028296466210465197, 0.0023025420734483918, 0.002244237064126689, 0.002645864697976818, 0.0026485656495544713, 0.0015141003929726804, 0.0007611832893593969, 0.0008229823813424053, 0.0008469946871144135, 0.000625939294181134, 0.00044373415464667545, 0.000287228132326907, 8.306623862915522e-05, 0.00019078784028342136, 0.00028896366553600054, 0.0005235456045083384, 0.0008331266410336235, 0.0011794066304714333, 0.0008388682852510093, 5.0990195135918964e-05, 0.00038288379438144977, 0.0007130918594402889, 0.0011688455843267061, 0.0013677719108096795, 0.0015751190431202498, 0.0018195054273071128, 0.0019870832896484144, 0.0019381950366255895, 0.001822114156687202, 0.0012718883598806894, 0.0007596709814123502, 0.001252557383915, 0.0024146842443681987, 0.0024401024568653025, 0.0015089400253157845, 0.001320378733545797, 0.0021063238117630325, 0.0021735454906672657, 0.0017756407294269682, 0.0014782760229402486, 0.0015062536307010204, 0.00162877254397291, 0.0013174596768022971, 0.0010346980235798214, 0.0008734414691323241, 0.001228250788723509, 0.00161124175715505, 0.0021150413707537617, 0.0023310727144385565, 0.002367572596563863, 0.0015191444960898051, 0.0005953990258641651, 0.0005112729212465533, 0.0010236210236215298, 0.0015393505123914933, 0.0009156964562561261, 2.4494897427856277e-05, 0.00013000000000000617, 0.00014035668847613847, 0.0006034069936618258, 0.0012621410380777604, 0.0010236210236215504, 0.0004956813492557455, 0.0006718630812896264, 0.0006634003316248542, 0.0003961060464067807, 0.00024758836806284645, 0.00022226110770893242, 9.273618495496e-05, 9.99999999995449e-06, 0.0, 0.0, 1.0000000000010001e-05, 1.4142135623745093e-05, 0.0, 0.0, 1.0000000000010001e-05, 1.0000000000010001e-05]","[0.0, 0.0, 0.0, 0.0, 0.0, 0.0, 0.0, 0.0, 0.0, 0.0, 0.0, 0.0, 0.0, 0.0, 0.0, 0.0021142851428761294, 0.002529032109112888, 0.0029971330841435076, 0.003370431834909321, 0.005244031180323047, 0.00886780216995025, 0.012569808285119197, 0.01689097934370849, 0.022685693087782677, 0.024513010590951703, 0.024182251691581107, 0.025117228474871457, 0.026785430641065498, 0.02861919815805128, 0.02914185478145869, 0.029668302310259655, 0.03220297837909273, 0.030422484797261423, 0.02687055344599102, 0.02317604888431935, 0.021000776388236546, 0.020958909323709585, 0.019200852233493108, 0.01737463076175422, 0.016168385659704833, 0.01772495487601305, 0.020622086970874413, 0.021407454341349014, 0.022589672409491387, 0.022292249306324372, 0.021077619586897207, 0.019025701533275437, 0.01830649499804266, 0.017222071039164052, 0.015862889915798588, 0.015078836430902662, 0.014144459533777413, 0.01243198256808038, 0.009765928425100441, 0.006241436249829467, 0.005813320494613436, 0.0056339936068423345, 0.005129177095589998, 0.004732107541744039, 0.0062879830053695455, 0.006496687498418719, 0.005968408979232635, 0.007098155502945671, 0.005157757165100667, 0.003276157749599089, 0.0036712688731009705, 0.004619398006813761, 0.003845623255790145, 0.003378196390546718, 0.002244460317002514, 0.0022900223343046804, 0.0035400018484024374, 0.001457120576773914, 0.002821170905627425, 0.0043545413034155305, 0.0034616487352260206, 0.001982725721842898, 0.002633553494546898, 0.004087691679490343, 0.0007440430265658373, 0.0, 0.00045716518222124747, 0.0013000000915198095, 0.0, 0.002197908538807802, 0.0038155494574517836, 0.002568307541170417, 0.0024687655002758172, 0.0026937342830501147, 0.001997248438642463, 0.0038401846469807758, 0.001217045678196141, 0.0, 0.0, 0.0, 0.0, 0.0, 0.0014845876211468992, 0.002924244533801059, 0.0, 0.001173797324099518, 0.0024789520258995407, 0.0019923356426660935, 0.002969176060302517, 0.001948897432407239, 0.002126405818209123, 0.003946494674355305, 0.0034919926104048215, 0.0, 0.0, 0.0031695438804793994, 0.002809627233826777, 0.0020731139715761075, 0.0012262137612351757, 0.0, 0.003259756035267198, 0.0011526491865858457, 0.0015530616488040247, 0.00166445205394724, 0.0, 0.0, 0.0, 0.0033156914923350555, 0.0015354479682827076, 0.0021822928057835473, 0.0034154079316430557, 0.0009420191429967457, 0.0, 0.0010339246081343652, 0.0, 0.0, 0.0, 0.0, 0.0, 0.0, 0.0, 0.0009906563885602557, 0.0, 0.0, 0.0, 0.0, 0.0011394736243851623, 0.0, 0.0026933630251634623, 0.00413265342207221, 0.0038515475251206153, 0.0037617837108736034, 0.0008871302336464736, 0.0, 0.0, 0.0, 0.0, 0.001586505760443561, 0.0003059411719645095, 0.0, 0.0, 0.002730165678131051, 0.002811086125262882, 0.002811086125262882, 0.002811086125262882, 0.002729726108437842, 0.0, 0.0, 0.0, 0.0, 0.0, 0.001977321742625105, 0.001977321742625105, 0.0018023875498318852, 0.001859462555837566, 0.0019147326498332902, 0.0019147326498332902, 0.0016633702648996115, 0.001366455374576211, 0.001262061889035619, 0.0018306285629812091, 0.002265657122285916, 0.0022686123969212026, 0.00183874983420481, 0.0, 0.0, 0.0021858183598734435, 0.003902437613420266, 0.002207487707459353, 0.0, 0.0035305258740532925, 0.0, 0.000568506824077982, 0.0005200000060207206, 0.0, 0.0, 0.0, 0.0, 0.0, 0.0, 0.0020619411985265236, 0.00159781117244141, 0.0031095349798861537, 0.004506199547364991, 0.0036078545036083982, 0.0011385956877098694, 0.001646268693766845, 0.0, 0.0018548317946277288, 0.0028083456310505957, 0.0028063864967591287, 0.0, 0.0, 0.002135088225784998, 0.0023646992632498105, 0.003225989619554492, 0.0021778893165014953, 0.0, 0.0016867129792977266, 0.0, 0.0, 0.0013379836572567424, 0.0, 0.0, 0.0, 0.0, 0.0, 0.0, 0.0, 0.0, 0.0, 0.0, 0.0, 0.0, 0.0, 0.0, 0.0, 0.0, 0.003245336537911983, 0.005363922909923334, 0.005098044359393677, 0.0, 0.0019067252297141938, 0.0031581653361444063, 0.0011343721337712664, 0.002762535946122105, 0.002960102430290188, 0.0, 0.0, 0.0014420126074584706, 0.002979799753330169, 0.0025574994751203133, 0.0, 0.0, 0.0035147137460757503, 0.00198987469621574, 0.0, 0.0017417235047461398, 0.0012315844233218248, 0.0, 0.0008277681071394643, 0.0011476062672833342, 0.0, 0.002433680941192422, 0.0010115335325770781, 0.0, 0.0, 0.0025875091759142866, 0.002640265905071891, 0.0024685629613711794, 0.0036519330254010498, 0.0036261845524812276, 0.003681197536546254, 0.00020493901603019986, 0.00028635642168391547, 0.0007576278950987503, 0.0016733202482465956, 0.0019281081794797917, 0.0, 0.002093275328222754, 0.003048935421015716, 0.0006645299211861487, 0.0022306057614112874, 0.0032860325190626704, 0.0016313799649963058, 0.0, 0.0, 0.0, 0.0013014608096732759, 0.0012046577006217273, 0.0, 0.0, 0.0, 0.0, 0.0027068070624897893, 0.0, 0.0, 0.0028234739765410845, 0.0029354396923486547]"
10,3,3,1,0.5656687379553513,0.622182303208815,0.03760534332540738,0.3820817355508734,7.534,"[1.0000000000010001e-05, 0.0, 0.0, 1.0000000000000026e-05, 1.0000000000010001e-05, 1.999999999996449e-05, 2.2360679775002224e-05, 0.0004031128874149229, 0.0018478365728602914, 0.0034888106856061796, 0.005415016158793973, 0.007344664730265116, 0.009033947088620766, 0.010972137439897505, 0.011801432116484819, 0.012791348638826179, 0.012479819710236217, 0.012842511436631072, 0.012642151715590185, 0.01293392825092207, 0.013753043299575551, 0.014625276065770519, 0.015544339805858584, 0.01654722031037238, 0.016867590225044006, 0.016937948518046676, 0.016821298998591045, 0.016538095416341048, 0.016985196495772414, 0.016809369411134967, 0.01640260345189143, 0.01624779677371671, 0.015804613250567076, 0.015114261477161207, 0.014982800138825851, 0.014816244463425979, 0.01466721514125976, 0.01513178773311335, 0.014874767225069455, 0.014436917953635412, 0.013379540350849126, 0.012163235589266522, 0.011041521634267613, 0.010190333654988934, 0.009384529823065176, 0.008813223019985389, 0.008428481476517565, 0.007922991859140088, 0.0076943745684753566, 0.007899487325136961, 0.007908508076748765, 0.008151429322517613, 0.008303216244323614, 0.008344692924248333, 0.008161433697580359, 0.007640975068667599, 0.007031742316097741, 0.007081814739175282, 0.007265321740982978, 0.006504067957824545, 0.0043347202908607515, 0.0034432833168358493, 0.003156263613831997, 0.0031503174443221122, 0.002697647122957333, 0.002316916053723157, 0.0006612866246946075, 0.000502195181179605, 0.0003706750598570323, 4.582575694960272e-05, 1.4142135623705842e-05, 2.2360679775017156e-05, 1.0000000000010001e-05, 0.0, 0.0, 0.0, 0.0, 0.0, 0.0, 0.0, 0.0, 0.0, 0.0, 0.0, 0.0, 0.0, 1.0000000000010001e-05, 1.0000000000010001e-05, 0.0, 9.99999999995449e-06, 0.0, 9.99999999995449e-06, 0.0, 9.99999999995449e-06, 9.99999999995449e-06, 9.99999999995449e-06, 0.0, 0.0, 9.99999999995449e-06, 0.0, 1.4142135623705842e-05, 1.4142135623705842e-05, 0.0, 0.0, 9.99999999995449e-06, 0.0, 0.0, 9.99999999995449e-06, 9.99999999995449e-06, 9.99999999995449e-06, 9.99999999995449e-06, 0.0, 9.99999999995449e-06]","[0.0, 0.0, 0.0, 0.0, 0.0, 0.0, 0.0005800000081971542, 0.002166102914142585, 0.0019035233369011798, 0.004933381128830299, 0.008059054009197824, 0.009433072660963661, 0.00923336372615405, 0.008728968083550207, 0.009254545438667584, 0.009125950799946122, 0.008590486239171366, 0.007192928685185976, 0.00714658081714119, 0.006654739922343308, 0.004316946715197181, 0.001610465945135724, 0.0021067514427644926, 0.002134479264292763, 0.003737434448856579, 0.005834012044533235, 0.005946940745447019, 0.005183556709740741, 0.005476282950006593, 0.00451282999491131, 0.004095390511567376, 0.005010454322732707, 0.003966512401060291, 0.005305738971995068, 0.004784939256049218, 0.0018929345128635012, 0.0026329458796415395, 0.0025805820458810894, 0.004531604036321497, 0.00595824680799707, 0.007280263326465529, 0.008131283065751754, 0.007387086580495203, 0.006090460956435745, 0.005162563238755696, 0.0047389072608910905, 0.0021232997183154925, 0.0, 0.0010900459245361963, 0.0025832931910890265, 0.0032035931042360263, 0.002055480840979254, 0.0018076506548285317, 0.004315255368648069, 0.006234141951446842, 0.005475150672466193, 0.004300166100750872, 0.005054429185218751, 0.005243821412877963, 0.003995199773581635, 0.0007497999908151116, 0.0017444198954479863, 0.003709557356333228, 0.004366924582070923, 0.002658270896839222, 0.0, 0.0019151504173891463, 0.003710527697831252, 0.0030441102404206236, 0.002805067763765226, 0.002510936740068021, 0.0024367607469827223, 0.00240545272034465, 0.00240545272034465, 0.0022809213610971686, 0.0021491397761843295, 0.0022809213610971686, 0.00240545272034465, 0.0022809213610971686, 0.0021491397761843295, 0.0021491397761843295, 0.0021988183071483974, 0.0021988183071483974, 0.0021491397761843295, 0.0021988183071483974, 0.002247354472595127, 0.0021988183071483974, 0.0021988183071483974, 0.002247354472595127, 0.002247354472595127, 0.002247354472595127, 0.002247354472595127, 0.002247354472595127, 0.002247354472595127, 0.002247354472595127, 0.002247354472595127, 0.002247354472595127, 0.002247354472595127, 0.002247354472595127, 0.002247354472595127, 0.002247354472595127, 0.002247354472595127, 0.002247354472595127, 0.002247354472595127, 0.002247354472595127, 0.002247354472595127, 0.002247354472595127, 0.002247354472595127, 0.002247354472595127, 0.002247354472595127, 0.0021134809349916705, 0.0019704824932769826, 0.0021134809349916705]"
10,3,3,2,0.45778753478005496,0.6369648031319783,0.765762567261807,0.999373812182638,12.133000000000001,"[0.002536710468303425, 0.006233434045532197, 0.010589249265174547, 0.012823283510864088, 0.013750396357923737, 0.014660484303050784, 0.016255571352616294, 0.017192760104183417, 0.01727795705516139, 0.017965489138901825, 0.01724835644344118, 0.01732145779084431, 0.018938814640837496, 0.017273155473161203, 0.013093120330921876, 0.008439360165320608, 0.006138867973820569, 0.005993688346919662, 0.005797456338774759, 0.006148471354735283, 0.0055656176656324365, 0.004458553577114448, 0.004323540216072927, 0.004198356821424305, 0.005048673093001767, 0.0046311121774364195, 0.004221196512838529, 0.0030844934754347933, 0.0021569654610123015, 0.0010745231500530917, 0.0004106093033529332, 0.0006972087205421256, 0.0008176184929415466, 0.0002459674775250248, 0.0012810152223919988, 0.00306264591489121, 0.005332438466592979, 0.007473667105243563, 0.009009778021682907, 0.009067640266353745, 0.006486054270509916, 0.0035655855059162083, 0.002153787361834959, 0.002892213685051667, 0.0033677440520324684, 0.004562028057783071, 0.004845245091840022, 0.004730539081331035, 0.005328085960267519, 0.009515981294643228, 0.010855952284346113, 0.009419516972753993, 0.007646227828151556, 0.005638483838763807, 0.00523267617954709, 0.004739430345516208, 0.004484774241809748, 0.005036079824625513, 0.006005672318733352, 0.005708738915031944, 0.004423505397306512, 0.0031955437721927615, 0.002426149212229126, 0.0012411688039908177, 0.0004910193478876359, 0.0013717142559585773, 0.0015360338537936057, 0.0009202716990106732, 0.0009366963221876688, 0.0006860029154457146, 0.0009590620417887403, 0.0021310560762213687, 0.0025717114923723516, 0.0025502156771535747, 0.002621545345783669, 0.002154158768521956, 0.0021874414277872575, 0.0016066735822811021, 0.0013529966740535619, 0.0017251666586159142, 0.0021724410233651898, 0.0020472664701987387, 0.002244927615759575, 0.0026606390209872525, 0.0022446826056260224, 0.0015388632167934817, 0.0016893489870361217, 0.0023369638422534593, 0.0029116490173096005, 0.003114626783420453, 0.00287369100635402, 0.0026125466503011956, 0.003318071729182485, 0.0032307584248903566, 0.0027101660465735215, 0.0029362901763960556, 0.003237421813727723, 0.003737820220395823, 0.0035963592701508656, 0.003482384240717851, 0.003736923868638478, 0.003973575216351134, 0.0028857408061016164, 0.0017362315513778659, 0.001328382475042491, 0.001658945448168811, 0.0015996562130657906, 0.0016506362409689208, 0.0023313729860320364, 0.0031203525441847128, 0.003163684560761398, 0.0032433316204174886, 0.00306186217847898, 0.003200921742248626, 0.00359027854072634, 0.0032898176241244526, 0.002852735529277142, 0.001930828837572085, 0.001157281296833235, 0.0011434159348198548, 0.0012812884140583083, 0.001755961275199401, 0.0018657170203436706, 0.0017791290003819303, 0.001755932800536523, 0.002353677972875639, 0.0029049956970708044, 0.0024295884425144516, 0.0012264583156390413, 0.0012529964086141542, 0.001744763594301538, 0.0020173497465734635, 0.002133401040592251, 0.0017211042966653344, 0.0010945775440780827, 0.0008179853299418266, 0.0009924716620639425, 0.0011102252023801303, 0.0014847895473770235, 0.0015172672803431529, 0.0016059265238484543, 0.0021266170318137, 0.00201467118905292, 0.0015982490419205653, 0.0009594790253048822, 0.0008091971329657534, 0.000872009174263672, 0.0008716077099246147, 0.0008198780397107664, 0.000323264597504891, 5.916079783097557e-05, 0.0003303028912982653, 0.0004561797891183066, 0.0007341661937190755, 0.0012417326604386512, 0.0009034932207825155, 0.0005697367813297976, 0.0004045985664828767, 0.00014899664425751245, 0.0001987460691435086, 0.00020712315177208457, 0.0007415524256584847, 0.0013551752654177174, 0.0017334935823360008, 0.001881116689628779, 0.0017042887079365364, 0.0009019977827023541, 7.141428428541054e-05, 0.00029068883707496354, 0.0003996248240537829, 0.00039673668849755456, 0.00029189039038652183, 0.00012409673645991077, 2.236067977502026e-05, 9.999999999982245e-06, 9.999999999982245e-06, 0.0, 9.999999999982245e-06, 9.99999999995449e-06, 9.99999999995449e-06, 0.0, 9.999999999982245e-06]","[0.0, 0.005010154938483747, 0.009550418487046729, 0.011677745917711783, 0.013006820713331983, 0.016118009312508234, 0.016425555269083906, 0.017077754191528974, 0.016593544464049714, 0.017918398096631004, 0.020853847607512653, 0.024122715794019263, 0.027094839198214257, 0.021283855399821652, 0.015501490632109868, 0.01544191498070486, 0.020129085441802072, 0.02212949128851721, 0.02541939793312623, 0.025094291089300044, 0.022166811224001944, 0.016841285690706156, 0.011894421716792692, 0.009099822603319223, 0.009702779941216664, 0.012648056475645172, 0.021932853981856407, 0.027913430270956774, 0.02876277861254348, 0.026375957446960998, 0.023899158682388618, 0.021820167060089483, 0.016178223286681875, 0.012607771633816801, 0.010945994531964771, 0.016153998718537066, 0.017484775906884555, 0.013893952116342631, 0.01429272813614111, 0.016812378112799675, 0.011317277369176967, 0.00662762105028412, 0.005033771300401198, 0.0014154152516433131, 0.008126079212280651, 0.01430500225566734, 0.01376335679589975, 0.01012864635808691, 0.0110192753233791, 0.015556107481970049, 0.013384732891481888, 0.00805511954208583, 0.00657580077376209, 0.005508364250857909, 0.0049053897145687145, 0.0039193902159618725, 0.0033514191789492517, 0.0044973363328474165, 0.00577510975615146, 0.005028165994358013, 0.00192052105794342, 0.0004656178734664269, 0.002688160030886515, 0.0, 0.0, 0.0018259794430056935, 0.001675709001266779, 0.0021834838891758414, 0.003557472887771439, 0.005064074920912469, 0.003616243112832781, 0.0, 0.0, 0.002700778486579252, 0.0034904745192912714, 0.004121046473300755, 0.0, 0.0, 0.0022723560948766305, 0.0027593123837442264, 0.001783928486156003, 0.0, 0.0, 0.003977137268130298, 0.005094100128200163, 0.004460295167556043, 0.002712674789285951, 0.0028544361145467845, 0.002732142866552687, 0.0024636158527999953, 0.0, 0.0015114894756559135, 0.0007451174576276387, 0.0, 0.0035278623709138826, 0.0033870357198006675, 0.0008875810113002789, 0.0021275811870937744, 0.0, 0.002642726634517932, 0.004435654659548291, 0.0, 0.0018136154227716256, 0.0010635789142088134, 0.00122564276524526, 0.0021173100091067517, 0.0, 0.0, 0.002085857516109015, 0.0, 0.0, 0.0, 0.0026095984105971607, 0.0010139033918867039, 0.0, 0.001381159043495264, 0.0, 0.0, 0.0036991912094893934, 0.0032679671823386135, 0.0035130062186188435, 0.003376123639125881, 0.0, 0.0, 0.0009958916014695962, 0.0025241242804047766, 0.003132635954781963, 0.0, 0.0, 0.0023049517028636704, 0.0018162050838947486, 0.0012893410060785925, 0.0, 0.0010653638379049236, 0.0004777028410499196, 0.0, 0.002093179782021832, 0.003079384271803097, 0.001277732453204521, 0.0, 0.0, 0.0, 0.0, 0.0, 0.001848621370998715, 0.0019055185905434238, 0.0, 0.0, 0.0, 0.0009158602835470472, 0.0, 0.0, 0.0, 0.0, 0.0, 0.0, 0.0, 0.0, 0.0, 0.0019452509332290799, 0.001926759234717988, 0.0, 0.0, 0.0033679089538994145, 0.0006443601590142377, 0.0, 0.0, 0.0, 0.0, 0.0, 0.0, 0.0, 0.0021576380154659028, 0.0004538722325538491, 0.000817067951465009, 0.001408829417785607, 0.0009039911812430459, 0.0, 0.0, 0.0, 0.0, 0.0]"
