,time,gr,tx,ty,tz,rx,ry,rz,qw,qx,qy,qz
0,0.0,0.016270887106657028,0.30782,0.00199,0.48468,0.01316,-0.00027,-0.00434,0.99998,0.00658,-0.00015,-0.00217
1,0.067,0.016270887106657028,0.30782,0.00199,0.48468,0.01316,-0.00027,-0.00434,0.99998,0.00658,-0.00015,-0.00217
2,0.133,0.016270887106657028,0.30782,0.00199,0.48468,0.01316,-0.00029,-0.00434,0.99998,0.00658,-0.00016,-0.00217
3,0.2,0.016271214932203293,0.30782,0.00199,0.48468,0.01316,-0.00029,-0.00434,0.99998,0.00658,-0.00016,-0.00217
4,0.267,0.016271214932203293,0.30756,0.00197,0.48432,0.01312,-0.00059,-0.00424,0.99998,0.00656,-0.00031,-0.00212
5,0.333,0.016271214932203293,0.30732,0.00216,0.48315,0.01042,-0.00124,-0.00355,0.99998,0.00521,-0.00063,-0.00177
6,0.4,0.016270887106657028,0.3073,0.00318,0.48235,0.00396,-0.00282,0.00015,1.0,0.00198,-0.00141,8e-05
7,0.467,0.016270887106657028,0.30742,0.00462,0.48186,0.00201,-0.00388,0.0042,1.0,0.00101,-0.00194,0.0021
8,0.533,0.016270887106657028,0.30822,0.0058,0.48121,0.00129,-0.00314,0.0072,0.99999,0.00065,-0.00157,0.0036
9,0.6,0.016270887106657028,0.30982,0.0068,0.47945,-0.0008,0.0002,0.0094,0.99999,-0.0004,0.0001,0.0047
10,0.667,0.016270887106657028,0.3118,0.00802,0.47721,-0.00352,0.00278,0.01344,0.99997,-0.00177,0.00138,0.00672
11,0.733,0.016270887106657028,0.31448,0.00957,0.47461,-0.00592,0.00464,0.01871,0.99995,-0.00298,0.00229,0.00936
12,0.8,0.016270887106657028,0.31774,0.01068,0.47167,-0.00694,0.00601,0.0266,0.9999,-0.00351,0.00296,0.01331
13,0.867,0.016270887106657028,0.32128,0.01143,0.46854,-0.00649,0.00585,0.03272,0.99986,-0.00329,0.00287,0.01637
14,0.933,0.016271214932203293,0.32562,0.01156,0.46554,-0.00465,0.00384,0.03609,0.99983,-0.00236,0.00188,0.01805
15,1.0,0.016271214932203293,0.33094,0.0113,0.46179,-0.00236,0.00183,0.03998,0.9998,-0.0012,0.00089,0.01999
16,1.067,0.016270887106657028,0.33607,0.01133,0.45732,-0.00062,-0.00105,0.04184,0.99978,-0.0003,-0.00053,0.02092
17,1.133,0.016270887106657028,0.34139,0.01168,0.45312,0.00151,-0.00137,0.0419,0.99978,0.00077,-0.00067,0.02095
18,1.2,0.016270887106657028,0.34666,0.01252,0.44904,0.00496,-0.00367,0.04297,0.99976,0.00252,-0.00178,0.02149
19,1.266,0.016270887106657028,0.3519,0.0138,0.44507,0.01135,-0.00854,0.04554,0.99972,0.00577,-0.00414,0.02279
20,1.333,0.016270887106657028,0.35667,0.01523,0.44183,0.01787,-0.01531,0.04931,0.99963,0.00912,-0.00743,0.02472
21,1.4,0.016270887106657028,0.36163,0.01609,0.43922,0.0267,-0.02049,0.05544,0.99947,0.01363,-0.00987,0.02785
22,1.466,0.016270887106657028,0.36667,0.01655,0.43693,0.03434,-0.02394,0.06227,0.99929,0.01753,-0.01143,0.03133
23,1.533,0.016270887106657028,0.37147,0.0168,0.43444,0.04187,-0.02628,0.0652,0.99915,0.02135,-0.01245,0.03286
24,1.6,0.016270887106657028,0.37679,0.01645,0.43209,0.05001,-0.02648,0.07008,0.99897,0.02545,-0.01235,0.03535
25,1.667,0.016270887106657028,0.38225,0.01568,0.42929,0.06038,-0.02685,0.07557,0.99873,0.03067,-0.01227,0.03816
26,1.733,0.016270887106657028,0.38819,0.01478,0.426,0.0703,-0.02639,0.08171,0.99844,0.03565,-0.01174,0.04128
27,1.8,0.016270887106657028,0.39373,0.01455,0.42167,0.07987,-0.02632,0.08399,0.99821,0.04044,-0.01146,0.04247
28,1.867,0.016270887106657028,0.39895,0.01422,0.41701,0.08652,-0.02613,0.08691,0.99801,0.04377,-0.01116,0.04396
29,1.933,0.016270887106657028,0.40463,0.0138,0.41249,0.09424,-0.02511,0.0912,0.99775,0.04762,-0.01038,0.04612
30,2.0,0.016270887106657028,0.41046,0.01371,0.40812,0.10156,-0.02361,0.09401,0.99751,0.05125,-0.00939,0.04752
31,2.067,0.016270887106657028,0.41616,0.01395,0.4041,0.11099,-0.02348,0.09519,0.99723,0.05596,-0.00907,0.04815
32,2.133,0.016270887106657028,0.42182,0.0141,0.40052,0.12166,-0.02365,0.09739,0.99686,0.06129,-0.00883,0.0493
33,2.2,0.016270887106657028,0.42741,0.01401,0.39759,0.13286,-0.02637,0.10042,0.99641,0.06695,-0.00981,0.05095
34,2.267,0.016270887106657028,0.43315,0.01431,0.39501,0.14576,-0.03014,0.10005,0.99593,0.07347,-0.01137,0.05096
35,2.333,0.016270887106657028,0.43903,0.01459,0.3924,0.15664,-0.03286,0.10018,0.99549,0.07895,-0.01244,0.05119
36,2.4,0.016270887106657028,0.4446,0.01517,0.3894,0.16714,-0.03551,0.09876,0.99507,0.08423,-0.01355,0.05066
37,2.467,0.016270887106657028,0.45033,0.01613,0.38613,0.17186,-0.0356,0.0973,0.9949,0.08657,-0.01354,0.04997
38,2.533,0.016270887106657028,0.45549,0.01718,0.38251,0.17675,-0.03752,0.09576,0.9947,0.08904,-0.01444,0.04932
39,2.6,0.016270887106657028,0.46118,0.01808,0.37933,0.18405,-0.03848,0.09416,0.9944,0.09268,-0.01481,0.04862
40,2.667,0.016270887106657028,0.46678,0.01885,0.37614,0.1913,-0.04017,0.0926,0.99407,0.09631,-0.01555,0.04798
41,2.733,0.016270887106657028,0.47237,0.01978,0.37293,0.20155,-0.04117,0.09087,0.99359,0.10141,-0.01589,0.04725
42,2.8,0.016270887106657028,0.47789,0.02085,0.36955,0.21615,-0.0418,0.08912,0.99286,0.10866,-0.01595,0.04653
43,2.867,0.016270887106657028,0.4824,0.02193,0.366,0.22919,-0.04281,0.08741,0.99216,0.11514,-0.01625,0.04584
44,2.933,0.016270887106657028,0.48689,0.02317,0.36241,0.24132,-0.04226,0.08601,0.99148,0.12113,-0.01578,0.04521
45,3.0,0.016270887106657028,0.49132,0.02448,0.35872,0.25698,-0.04246,0.08438,0.99054,0.12888,-0.01563,0.04454
46,3.067,0.016270887106657028,0.49616,0.02543,0.35533,0.27485,-0.04233,0.08261,0.98939,0.13771,-0.01529,0.04379
47,3.133,0.016270887106657028,0.5006,0.02595,0.3514,0.29301,-0.04226,0.08001,0.98815,0.14667,-0.01505,0.04264
48,3.2,0.016270887106657028,0.50516,0.02609,0.34771,0.31329,-0.0397,0.07776,0.98669,0.15662,-0.01353,0.04148
49,3.267,0.016270887106657028,0.50928,0.02642,0.34386,0.33112,-0.03708,0.07554,0.98534,0.16535,-0.01205,0.04029
50,3.333,0.016270887106657028,0.51301,0.02731,0.34027,0.34768,-0.03513,0.07237,0.98402,0.17345,-0.01103,0.03866
51,3.4,0.016270887106657028,0.51679,0.02862,0.33705,0.36263,-0.03275,0.06995,0.98277,0.18075,-0.00979,0.03734
52,3.467,0.016270887106657028,0.51979,0.03,0.33388,0.37652,-0.03124,0.06837,0.98154,0.18754,-0.00894,0.03649
53,3.533,0.016270887106657028,0.52262,0.03137,0.33055,0.39347,-0.02876,0.06636,0.97998,0.19581,-0.00761,0.03534
54,3.6,0.016270887106657028,0.52583,0.03291,0.32726,0.4178,-0.02586,0.06272,0.97761,0.20766,-0.00614,0.03335
55,3.667,0.016270887106657028,0.52936,0.03426,0.32389,0.44615,-0.02297,0.05875,0.97466,0.22145,-0.0047,0.03118
56,3.733,0.016270887106657028,0.53251,0.03565,0.3203,0.47482,-0.01959,0.05167,0.97152,0.23534,-0.00344,0.02741
57,3.8,0.016270887106657028,0.53534,0.03726,0.31681,0.50789,-0.01673,0.04207,0.96764,0.25133,-0.00281,0.02246
58,3.867,0.016270887106657028,0.53775,0.03862,0.31336,0.53923,-0.0149,0.0362,0.96365,0.26644,-0.00236,0.01943
59,3.933,0.016270887106657028,0.54012,0.04069,0.30965,0.57522,-0.01019,0.02731,0.9588,0.2837,-0.00101,0.01454
60,4.0,0.016270887106657028,0.54208,0.04223,0.30582,0.61457,-0.00765,0.01889,0.9531,0.30249,-0.00079,0.01016
61,4.067,0.016270887106657028,0.54374,0.04302,0.30241,0.65005,-0.00763,0.01537,0.9476,0.31935,-0.00116,0.0085
62,4.133,0.016270887106657028,0.5447,0.04408,0.29967,0.68154,-0.00836,0.01352,0.94246,0.33423,-0.00168,0.00777
63,4.2,0.016270887106657028,0.5456,0.04559,0.29756,0.7149,-0.00761,0.01306,0.93676,0.3499,-0.00128,0.00745
64,4.267,0.016270887106657028,0.54642,0.04729,0.29563,0.75032,-0.00461,0.01433,0.93041,0.36643,0.00048,0.00751
65,4.333,0.016270887106657028,0.54738,0.04904,0.29339,0.78868,-3e-05,0.01552,0.92322,0.38419,0.00297,0.00717
66,4.4,0.016270887106657028,0.54915,0.05065,0.29058,0.83405,0.00762,0.01479,0.91428,0.405,0.00648,0.00522
67,4.467,0.016270887106657028,0.55066,0.05177,0.28634,0.87883,0.01662,0.01261,0.90498,0.42534,0.0102,0.00217
68,4.533,0.016270887106657028,0.55126,0.0525,0.28106,0.91991,0.02555,0.0079,0.89602,0.44382,0.0132,-0.00213
69,4.6,0.016270887106657028,0.55143,0.05232,0.27553,0.95844,0.0299,0.00501,0.88727,0.461,0.01442,-0.00467
70,4.667,0.016270887106657028,0.55211,0.0519,0.27013,1.00039,0.03521,0.00156,0.87736,0.47951,0.01582,-0.00776
71,4.733,0.016270887106657028,0.55268,0.05093,0.26463,1.03573,0.03738,-0.00138,0.86872,0.49495,0.0159,-0.00985
72,4.8,0.016270887106657028,0.55359,0.04994,0.25919,1.06862,0.03814,-0.002,0.86045,0.50917,0.0159,-0.01057
73,4.867,0.016270887106657028,0.55459,0.0495,0.25413,1.09751,0.03908,-0.00314,0.853,0.52155,0.01585,-0.01153
74,4.933,0.016270887106657028,0.55572,0.04946,0.24914,1.12242,0.03912,-0.00293,0.84644,0.53213,0.01578,-0.01165
75,5.0,0.016270887106657028,0.55699,0.05018,0.2439,1.14865,0.03865,-0.00403,0.83938,0.5432,0.01513,-0.01219
76,5.067,0.016270887106657028,0.55824,0.0513,0.23745,1.17378,0.03846,-0.00488,0.83249,0.55371,0.01466,-0.01268
77,5.133,0.016270887106657028,0.55952,0.05264,0.23015,1.19771,0.0395,-0.00394,0.82579,0.56362,0.0152,-0.01276
78,5.2,0.016270887106657028,0.56144,0.05406,0.22217,1.22463,0.04196,-0.00138,0.81813,0.57465,0.01677,-0.01262
79,5.267,0.016270887106657028,0.56337,0.05507,0.21388,1.24971,0.04452,0.0016,0.81086,0.58482,0.01852,-0.01237
80,5.333,0.016270887106657028,0.56517,0.0558,0.20511,1.27414,0.04832,0.00481,0.80364,0.59462,0.02085,-0.01244
81,5.4,0.016270887106657028,0.56674,0.05642,0.19611,1.29525,0.05327,0.00727,0.79729,0.603,0.02343,-0.01317
82,5.467,0.016270887106657028,0.56773,0.05677,0.18737,1.31354,0.05581,0.0081,0.79172,0.61023,0.02457,-0.01383
83,5.533,0.016270887106657028,0.56915,0.05725,0.17953,1.32938,0.05779,0.01126,0.78687,0.61642,0.02621,-0.01339
84,5.6,0.016270887106657028,0.57128,0.05797,0.17177,1.34729,0.05945,0.0137,0.78132,0.62339,0.0275,-0.01319
85,5.667,0.016270887106657028,0.5737,0.05844,0.16475,1.36143,0.06013,0.01707,0.77691,0.62884,0.02873,-0.01229
86,5.733,0.016270887106657028,0.57531,0.05864,0.15824,1.371,0.05937,0.01939,0.77391,0.63253,0.02911,-0.01129
87,5.8,0.016270887106657028,0.57701,0.05899,0.15274,1.37998,0.05779,0.02348,0.77109,0.63596,0.02975,-0.00934
88,5.867,0.016270887106657028,0.5793,0.05943,0.14845,1.39042,0.05516,0.02947,0.76781,0.63992,0.03061,-0.00635
89,5.933,0.016270887106657028,0.5819,0.05956,0.14543,1.40172,0.05012,0.0363,0.76421,0.64422,0.03085,-0.00229
90,6.0,0.016270887106657028,0.58504,0.05951,0.1439,1.41453,0.04396,0.04489,0.76009,0.64906,0.03128,0.00278
91,6.067,0.016270887106657028,0.58846,0.05967,0.14319,1.42546,0.03935,0.05302,0.75651,0.65315,0.03221,0.00719
92,6.133,0.016270887106657028,0.59235,0.05997,0.14276,1.43626,0.0357,0.06253,0.75291,0.65713,0.034,0.0118
93,6.2,0.016270887106657028,0.59565,0.06032,0.14237,1.44404,0.03412,0.07128,0.75029,0.65993,0.03634,0.01547
94,6.267,0.016270887106657028,0.59844,0.06061,0.14169,1.44895,0.03424,0.07801,0.74861,0.66164,0.03865,0.01786
95,6.333,0.016270887106657028,0.60025,0.0609,0.14031,1.45322,0.03546,0.08271,0.74716,0.66312,0.0407,0.01913
96,6.4,0.016270887106657028,0.60189,0.06148,0.13849,1.46181,0.03692,0.08611,0.74429,0.66622,0.04246,0.01973
97,6.467,0.016270887106657028,0.60335,0.06204,0.13666,1.47123,0.03896,0.08803,0.74114,0.66963,0.04395,0.01956
98,6.533,0.016270887106657028,0.60517,0.06253,0.13438,1.48308,0.04414,0.08839,0.73719,0.67388,0.04609,0.01768
99,6.6,0.016270887106657028,0.60652,0.06247,0.13137,1.49395,0.04922,0.08737,0.73355,0.67778,0.0477,0.01533
100,6.667,0.016270887106657028,0.60741,0.06154,0.12815,1.50171,0.05363,0.08576,0.73096,0.68055,0.04882,0.01305
101,6.733,0.016270887106657028,0.6076,0.06063,0.1254,1.50478,0.05692,0.08424,0.72993,0.68163,0.04952,0.0113
102,6.8,0.016270887106657028,0.60723,0.06019,0.12285,1.50682,0.06048,0.08191,0.72926,0.68234,0.05003,0.00918
103,6.867,0.016270887106657028,0.60692,0.05987,0.12098,1.50882,0.06297,0.0801,0.7286,0.68305,0.05033,0.00762
104,6.933,0.016270887106657028,0.60662,0.0597,0.11977,1.50923,0.06422,0.07974,0.72845,0.68318,0.05066,0.00705
105,7.0,0.016270887106657028,0.6063,0.05979,0.11907,1.50926,0.06507,0.08159,0.72844,0.68312,0.0516,0.00743
106,7.066,0.016270887106657028,0.6059,0.06006,0.11849,1.50932,0.06576,0.08322,0.72842,0.68308,0.05241,0.00779
107,7.133,0.016270887106657028,0.60519,0.06019,0.11761,1.50929,0.06607,0.08404,0.72842,0.68304,0.0528,0.00798
108,7.2,0.016270887106657028,0.60427,0.06035,0.1165,1.50955,0.06646,0.08429,0.72833,0.68312,0.05303,0.00793
109,7.267,0.016270887106657028,0.6035,0.06093,0.11547,1.50925,0.06861,0.08623,0.72843,0.6829,0.05447,0.00791
110,7.333,0.016270887106657028,0.60181,0.06197,0.1137,1.50813,0.07146,0.08633,0.72882,0.68241,0.05554,0.007
111,7.4,0.016270887106657028,0.60038,0.06327,0.11207,1.50766,0.07496,0.08557,0.72899,0.68216,0.05655,0.00554
112,7.467,0.016270887106657028,0.59954,0.06416,0.11099,1.50881,0.07698,0.08567,0.7286,0.68252,0.05732,0.00485
113,7.533,0.016270887106657028,0.59919,0.06486,0.11024,1.51282,0.07954,0.08477,0.72723,0.68393,0.05795,0.00353
114,7.6,0.016270887106657028,0.59892,0.06468,0.10939,1.51551,0.08206,0.08385,0.72632,0.68486,0.05855,0.00225
115,7.667,0.016270887106657028,0.59824,0.06396,0.10824,1.51558,0.08369,0.08283,0.72629,0.68487,0.05879,0.00132
116,7.733,0.016270887106657028,0.59722,0.06338,0.10692,1.51574,0.08461,0.08182,0.72623,0.68493,0.05878,0.00063
117,7.8,0.016270887106657028,0.59638,0.063,0.10556,1.51554,0.08552,0.08156,0.7263,0.68484,0.05902,0.00023
118,7.867,0.016270887106657028,0.59567,0.06293,0.10422,1.51525,0.08714,0.08204,0.7264,0.68467,0.05977,-0.00014
119,7.933,0.016270887106657028,0.59439,0.06295,0.10244,1.51341,0.0896,0.08136,0.72702,0.68395,0.06043,-0.00118
120,8.0,0.016270887106657028,0.59226,0.0629,0.10031,1.51107,0.09126,0.07831,0.72781,0.68314,0.05999,-0.00279
121,8.067,0.016270887106657028,0.5902,0.06299,0.09849,1.50859,0.09284,0.07591,0.72865,0.68226,0.05975,-0.00413
122,8.133,0.016270887106657028,0.58858,0.06343,0.09707,1.50671,0.09542,0.07453,0.72928,0.68154,0.06022,-0.00546
123,8.2,0.016270887106657028,0.58772,0.0641,0.09601,1.50798,0.09784,0.07296,0.72883,0.68198,0.06056,-0.0069
124,8.267,0.016270887106657028,0.5874,0.06476,0.09544,1.50992,0.10013,0.07315,0.72815,0.68261,0.06145,-0.00767
125,8.333,0.016270887106657028,0.58708,0.06517,0.09506,1.51174,0.10092,0.07342,0.72753,0.68324,0.06182,-0.0079
126,8.4,0.016270887106657028,0.5869,0.06554,0.09486,1.51204,0.10235,0.07395,0.72742,0.68329,0.06252,-0.00821
127,8.467,0.016270887106657028,0.58669,0.06567,0.0945,1.51207,0.10339,0.07388,0.7274,0.68327,0.06287,-0.00859
128,8.533,0.016270887106657028,0.58651,0.06574,0.09387,1.5135,0.1039,0.07333,0.72691,0.68379,0.06286,-0.00901
129,8.6,0.016270887106657028,0.5862,0.06576,0.09303,1.51501,0.1045,0.07213,0.72638,0.68436,0.06266,-0.0097
130,8.667,0.016270887106657028,0.58599,0.06565,0.09216,1.51643,0.10534,0.07114,0.72588,0.68488,0.06262,-0.01039
131,8.733,0.016270887106657028,0.58579,0.06546,0.09116,1.51694,0.10641,0.07025,0.7257,0.68506,0.0627,-0.0111
132,8.8,0.016270887106657028,0.58576,0.06531,0.09019,1.51722,0.10806,0.07024,0.72559,0.68511,0.06329,-0.01168
133,8.867,0.016270887106657028,0.58569,0.06532,0.08914,1.51766,0.10996,0.06996,0.72542,0.68522,0.06388,-0.01245
134,8.933,0.016270887106657028,0.58562,0.06519,0.0884,1.51811,0.10995,0.06902,0.72527,0.68541,0.06355,-0.0128
135,9.0,0.016270887106657028,0.586,0.06492,0.08858,1.51712,0.10935,0.06815,0.7256,0.6851,0.06304,-0.01288
136,9.066,0.016270887106657028,0.58742,0.06498,0.08958,1.51807,0.10992,0.07081,0.72529,0.68534,0.06415,-0.01214
137,9.133,0.016270887106657028,0.58802,0.06501,0.09008,1.51772,0.11064,0.07146,0.7254,0.68517,0.06464,-0.01214
138,9.2,0.016270887106657028,0.58834,0.06509,0.09047,1.51458,0.11322,0.07018,0.72646,0.68399,0.06515,-0.01339
139,9.267,0.016270887106657028,0.58942,0.06483,0.09143,1.51135,0.11648,0.07049,0.72753,0.6827,0.06646,-0.01429
140,9.333,0.016270887106657028,0.59039,0.06406,0.09218,1.50944,0.11749,0.07198,0.72818,0.68192,0.06735,-0.01403
141,9.4,0.016270887106657028,0.59042,0.06376,0.09214,1.50891,0.11749,0.07191,0.72836,0.68173,0.06733,-0.01404
142,9.467,0.016270887106657028,0.59042,0.06382,0.09216,1.50902,0.11752,0.07191,0.72832,0.68177,0.06734,-0.01405
143,9.533,0.016270887106657028,0.59042,0.06381,0.09216,1.50902,0.11752,0.07191,0.72833,0.68177,0.06734,-0.01405
144,9.6,0.016270887106657028,0.59042,0.06382,0.09215,1.50905,0.11753,0.0719,0.72832,0.68178,0.06734,-0.01406
145,9.667,0.016270887106657028,0.59042,0.06382,0.09215,1.50902,0.11753,0.0719,0.72832,0.68177,0.06734,-0.01406
146,9.733,0.016270887106657028,0.59042,0.06382,0.09215,1.50902,0.11753,0.0719,0.72832,0.68177,0.06734,-0.01406
147,9.8,0.016270887106657028,0.59042,0.06382,0.09215,1.50905,0.11753,0.0719,0.72832,0.68178,0.06734,-0.01406
148,9.867,0.016270887106657028,0.59042,0.06382,0.09215,1.50902,0.11753,0.0719,0.72832,0.68177,0.06734,-0.01406
149,9.933,0.016270887106657028,0.59042,0.06382,0.09215,1.50905,0.11753,0.0719,0.72832,0.68178,0.06734,-0.01406
150,10.0,0.016270887106657028,0.59042,0.06382,0.09216,1.50902,0.11753,0.0719,0.72832,0.68177,0.06734,-0.01406
151,10.067,0.016270887106657028,0.59042,0.06382,0.09215,1.50905,0.11753,0.0719,0.72832,0.68178,0.06734,-0.01406
152,10.133,0.016270887106657028,0.59042,0.06382,0.09216,1.50905,0.11753,0.0719,0.72832,0.68178,0.06734,-0.01406
153,10.2,0.016270887106657028,0.59042,0.06382,0.09215,1.50905,0.11753,0.0719,0.72832,0.68178,0.06734,-0.01406
154,10.267,0.01466402318328619,0.59042,0.06382,0.09215,1.50905,0.11752,0.07189,0.72832,0.68178,0.06733,-0.01406
155,10.333,0.01466402318328619,0.59042,0.06382,0.09216,1.50905,0.11753,0.0719,0.72832,0.68178,0.06734,-0.01406
156,10.4,0.013070293702185154,0.59042,0.06382,0.09216,1.50905,0.11753,0.0719,0.72832,0.68178,0.06734,-0.01406
157,10.467,0.013070293702185154,0.59042,0.06382,0.09216,1.50905,0.11753,0.0719,0.72832,0.68178,0.06734,-0.01406
158,10.533,0.013070293702185154,0.59042,0.06382,0.09215,1.50905,0.11753,0.0719,0.72832,0.68178,0.06734,-0.01406
159,10.6,0.011236223392188549,0.59042,0.06382,0.09216,1.50905,0.11753,0.0719,0.72832,0.68178,0.06734,-0.01406
160,10.667,0.011236223392188549,0.59041,0.06382,0.09215,1.50905,0.11753,0.07187,0.72832,0.68178,0.06733,-0.01407
161,10.733,0.009600138291716576,0.59042,0.06382,0.09215,1.50905,0.11753,0.07187,0.72832,0.68178,0.06733,-0.01407
162,10.8,0.009600138291716576,0.59042,0.06382,0.09215,1.50905,0.11753,0.0719,0.72832,0.68178,0.06734,-0.01406
163,10.867,0.009600138291716576,0.59042,0.06382,0.09215,1.50905,0.11752,0.07189,0.72832,0.68178,0.06733,-0.01406
164,10.933,0.007983424700796604,0.59041,0.06382,0.09215,1.50905,0.11753,0.07187,0.72832,0.68178,0.06733,-0.01407
165,11.0,0.007983424700796604,0.59042,0.06382,0.09215,1.50905,0.11753,0.0719,0.72832,0.68178,0.06734,-0.01406
166,11.067,0.006351608317345381,0.59042,0.06382,0.09215,1.50905,0.11755,0.07188,0.72832,0.68178,0.06734,-0.01407
167,11.133,0.006351608317345381,0.59042,0.06382,0.09215,1.50905,0.11755,0.07188,0.72832,0.68178,0.06734,-0.01407
168,11.2,0.006351608317345381,0.59041,0.06382,0.09215,1.50905,0.11753,0.07187,0.72831,0.68178,0.06733,-0.01407
169,11.267,0.004770683124661446,0.59042,0.06382,0.09215,1.50905,0.11753,0.0719,0.72832,0.68178,0.06734,-0.01406
170,11.333,0.004770683124661446,0.59041,0.06382,0.09215,1.50905,0.11753,0.07187,0.72831,0.68178,0.06733,-0.01407
171,11.4,0.004770683124661446,0.59041,0.06383,0.09215,1.50907,0.11753,0.07187,0.72831,0.68179,0.06733,-0.01407
172,11.467,0.0027619400061666965,0.59041,0.06383,0.09214,1.50907,0.11754,0.07186,0.72831,0.68179,0.06733,-0.01408
173,11.533,0.0027619400061666965,0.59041,0.06383,0.09215,1.50907,0.11754,0.07186,0.72831,0.68179,0.06733,-0.01408
174,11.6,0.001205968321301043,0.59041,0.06383,0.09214,1.50907,0.11753,0.07184,0.72831,0.68179,0.06732,-0.01408
175,11.667,0.001205968321301043,0.59041,0.06383,0.09215,1.50907,0.11754,0.07186,0.7283,0.68179,0.06733,-0.01408
176,11.733,0.0008815749897621572,0.59041,0.06383,0.09215,1.5091,0.11754,0.07186,0.7283,0.6818,0.06733,-0.01408
177,11.8,0.0008815749897621572,0.59041,0.06383,0.09215,1.50907,0.11754,0.07186,0.7283,0.68179,0.06733,-0.01408
178,11.867,0.0008815749897621572,0.59041,0.06383,0.09215,1.50907,0.11754,0.07186,0.7283,0.68179,0.06733,-0.01408
179,11.933,0.0008815749897621572,0.59041,0.06383,0.09215,1.5091,0.11754,0.07186,0.7283,0.6818,0.06733,-0.01408
180,12.0,0.0008815749897621572,0.59041,0.06383,0.09215,1.50907,0.11754,0.07186,0.7283,0.68179,0.06733,-0.01408
181,12.067,0.0008815749897621572,0.59041,0.06383,0.09215,1.5091,0.11754,0.07186,0.7283,0.6818,0.06733,-0.01408
182,12.133,0.0008812466403469443,0.59041,0.06383,0.09215,1.5091,0.11754,0.07186,0.7283,0.6818,0.06733,-0.01408
183,12.2,0.0008812466403469443,0.59041,0.06383,0.09215,1.50907,0.11754,0.07186,0.7283,0.68179,0.06733,-0.01408
184,12.267,0.0008812466403469443,0.59041,0.06383,0.09215,1.5091,0.11754,0.07186,0.7283,0.6818,0.06733,-0.01408
185,12.333,0.0008802616503089666,0.59041,0.06383,0.09215,1.5091,0.11753,0.07187,0.7283,0.6818,0.06733,-0.01407
186,12.4,0.0008802616503089666,0.59041,0.06383,0.09215,1.5091,0.11753,0.07187,0.7283,0.6818,0.06733,-0.01407
187,12.467,0.00015825666196178645,0.59041,0.06383,0.09215,1.5091,0.11753,0.07187,0.7283,0.6818,0.06733,-0.01407
188,12.533,0.00015825666196178645,0.59041,0.06383,0.09215,1.5091,0.11753,0.07187,0.7283,0.6818,0.06733,-0.01407
189,12.6,0.00015825666196178645,0.59041,0.06383,0.09215,1.5091,0.11753,0.07187,0.7283,0.6818,0.06733,-0.01407
190,12.667,0.0001576000067871064,0.59041,0.06383,0.09215,1.5091,0.11753,0.07187,0.7283,0.6818,0.06733,-0.01407
191,12.733,0.0001576000067871064,0.59041,0.06383,0.09215,1.5091,0.11753,0.07187,0.7283,0.6818,0.06733,-0.01407
192,12.8,0.00015103333862498403,0.59042,0.06383,0.09216,1.5091,0.11754,0.07189,0.7283,0.6818,0.06734,-0.01407
193,12.867,0.00015103333862498403,0.59041,0.06382,0.09215,1.5091,0.11753,0.07187,0.7283,0.6818,0.06733,-0.01407
194,12.933,0.00015103333862498403,0.59041,0.06383,0.09215,1.5091,0.11753,0.07187,0.7283,0.6818,0.06733,-0.01407
195,13.0,0.00014643666509073228,0.59041,0.06383,0.09215,1.5091,0.11753,0.07187,0.7283,0.6818,0.06733,-0.01407
196,13.067,0.00014643666509073228,0.59041,0.06383,0.09215,1.5091,0.11753,0.07187,0.72829,0.6818,0.06733,-0.01407
197,13.133,0.00014643666509073228,0.59041,0.06383,0.09215,1.5091,0.11753,0.07187,0.7283,0.6818,0.06733,-0.01407
198,13.2,0.00014643666509073228,0.59041,0.06383,0.09215,1.5091,0.11753,0.07187,0.7283,0.6818,0.06733,-0.01407
199,13.267,0.00014643666509073228,0.59041,0.06383,0.09215,1.5091,0.11753,0.07187,0.7283,0.6818,0.06733,-0.01407
200,13.333,0.000145779995364137,0.59041,0.06383,0.09215,1.5091,0.11753,0.07187,0.72829,0.6818,0.06733,-0.01407
201,13.4,0.000145779995364137,0.59041,0.06383,0.09215,1.5091,0.11753,0.07187,0.7283,0.6818,0.06733,-0.01407
202,13.467,0.00014413833559956402,0.59041,0.06383,0.09215,1.50913,0.11753,0.07188,0.72829,0.68181,0.06733,-0.01407
203,13.533,0.00014413833559956402,0.59041,0.06383,0.09215,1.50913,0.11753,0.07188,0.72829,0.68181,0.06733,-0.01407
204,13.6,0.00014413833559956402,0.59042,0.06383,0.09216,1.5091,0.11754,0.07189,0.7283,0.6818,0.06734,-0.01407
205,13.667,0.00014381000073626637,0.59041,0.06384,0.09216,1.5091,0.11754,0.07189,0.7283,0.6818,0.06734,-0.01407
206,13.733,0.00014381000073626637,0.59043,0.06383,0.09214,1.5091,0.11757,0.07216,0.7283,0.68179,0.06744,-0.01398
207,13.8,0.0001431533310096711,0.59063,0.06402,0.09189,1.51148,0.11819,0.0726,0.72749,0.68262,0.0678,-0.01411
208,13.867,0.0001431533310096711,0.5917,0.06389,0.09144,1.51583,0.11822,0.07751,0.72604,0.68403,0.06946,-0.01249
209,13.933,0.0001431533310096711,0.5915,0.06308,0.09106,1.51022,0.11332,0.07799,0.72799,0.68214,0.06788,-0.01044
210,14.0,0.00014216832641977817,0.59138,0.0631,0.09131,1.50515,0.10915,0.07833,0.72975,0.68042,0.06651,-0.00872
211,14.067,0.00014216832641977817,0.59015,0.06223,0.09173,1.49156,0.09997,0.07738,0.73441,0.67577,0.06289,-0.0055
212,14.133,0.00014216832641977817,0.58871,0.06191,0.09223,1.47591,0.08996,0.07652,0.73972,0.67033,0.05895,-0.00196
213,14.2,0.00014085500151850283,0.5876,0.06217,0.0932,1.46083,0.08245,0.07437,0.74477,0.66501,0.05546,0.00019
214,14.267,0.00014085500151850283,0.58541,0.06146,0.09491,1.44155,0.06865,0.07098,0.75118,0.65825,0.04917,0.00401
215,14.333,0.0001398699969286099,0.58218,0.06146,0.09749,1.41642,0.0573,0.0673,0.75941,0.64911,0.04362,0.00692
216,14.4,0.0001398699969286099,0.57932,0.062,0.10044,1.39538,0.05131,0.06048,0.76622,0.64135,0.03907,0.00669
217,14.467,0.0001398699969286099,0.57732,0.06223,0.10407,1.37528,0.04881,0.05715,0.77264,0.63373,0.03698,0.00659
218,14.533,0.00013855667202733457,0.57491,0.06151,0.10779,1.35764,0.04512,0.04945,0.77823,0.62709,0.03307,0.00508
219,14.6,0.00013855667202733457,0.5738,0.05999,0.11267,1.34511,0.04253,0.04458,0.78216,0.62232,0.03051,0.00419
220,14.666,0.000137243332574144,0.57328,0.05803,0.11777,1.33443,0.04144,0.0441,0.78547,0.61816,0.02991,0.0045
221,14.733,0.000137243332574144,0.57304,0.05651,0.12277,1.32588,0.04472,0.045,0.7881,0.61473,0.03146,0.00397
222,14.8,0.000137243332574144,0.57314,0.05543,0.12721,1.31862,0.05239,0.04511,0.7903,0.61174,0.03451,0.00178
223,14.867,0.00013625832798425108,0.57294,0.05392,0.13129,1.31073,0.06148,0.04649,0.79267,0.60843,0.03852,-0.00031
224,14.933,0.00013625832798425108,0.57244,0.05225,0.13514,1.30546,0.06875,0.04789,0.79423,0.60617,0.04183,-0.00186
225,15.0,0.00013625832798425108,0.57233,0.05097,0.13865,1.30071,0.07794,0.04797,0.7956,0.60409,0.04551,-0.00451
226,15.067,0.00013494500308297575,0.57184,0.04995,0.14241,1.29512,0.08647,0.04623,0.7972,0.60172,0.04839,-0.00765
227,15.133,0.00013494500308297575,0.57055,0.04849,0.14719,1.28599,0.08856,0.04449,0.79992,0.59807,0.04874,-0.00875
228,15.2,0.00013363166362978518,0.56907,0.04755,0.1531,1.27399,0.08916,0.04192,0.80347,0.59331,0.04827,-0.00967
229,15.267,0.00013363166362978518,0.56778,0.04701,0.16038,1.25807,0.08867,0.03675,0.80814,0.58703,0.04663,-0.01123
230,15.333,0.00013264667359180748,0.56766,0.04619,0.16848,1.2385,0.08866,0.03808,0.81386,0.57906,0.04712,-0.01023
231,15.4,0.00013264667359180748,0.56793,0.04532,0.17596,1.22192,0.0891,0.04009,0.81863,0.57224,0.04796,-0.00914
232,15.467,0.00013264667359180748,0.56779,0.04414,0.18289,1.20222,0.08981,0.04101,0.82422,0.56411,0.0486,-0.00849
233,15.533,0.00013166166900191456,0.56719,0.04247,0.18886,1.1804,0.08958,0.03845,0.83032,0.55515,0.04788,-0.00896
234,15.6,0.00013166166900191456,0.56693,0.04007,0.19481,1.15456,0.08983,0.03942,0.83742,0.54435,0.04836,-0.008
235,15.667,0.00013067666441202164,0.56658,0.03749,0.20031,1.12397,0.08852,0.04132,0.84567,0.53146,0.04843,-0.00611
236,15.733,0.00013067666441202164,0.56596,0.0348,0.20627,1.09091,0.08517,0.04277,0.85439,0.51744,0.04747,-0.00382
237,15.8,0.00013067666441202164,0.56533,0.03243,0.21183,1.05752,0.0834,0.04399,0.86294,0.50311,0.04707,-0.00205
238,15.867,0.0001296916598221287,0.56382,0.03003,0.21713,1.01976,0.07846,0.04162,0.87234,0.48688,0.04437,-0.00099
239,15.933,0.0001296916598221287,0.5623,0.02737,0.22223,0.98136,0.07189,0.03865,0.88161,0.47022,0.04079,0.0001
240,16.0,0.0001296916598221287,0.56116,0.02456,0.22686,0.93954,0.06803,0.03506,0.89129,0.45182,0.03825,0.00023
241,16.067,0.00012837833492085338,0.56084,0.02119,0.23028,0.89623,0.06593,0.03252,0.90089,0.43249,0.03674,0.00037
242,16.133,0.00012837833492085338,0.55973,0.01683,0.23282,0.84443,0.05963,0.03041,0.91186,0.40914,0.03342,0.00165
243,16.2,0.00012673666060436517,0.55867,0.0127,0.23508,0.8,0.05087,0.02505,0.92081,0.38897,0.0283,0.00163
244,16.267,0.00012673666060436517,0.55816,0.0086,0.23744,0.75937,0.04131,0.02179,0.92861,0.37032,0.02322,0.00246
245,16.334,0.00012673666060436517,0.55798,0.0042,0.23951,0.71994,0.03231,0.01902,0.9358,0.35204,0.01847,0.00321
246,16.4,0.00012575167056638747,0.55775,-0.00037,0.24124,0.68152,0.02259,0.0169,0.94244,0.33408,0.01347,0.00419
247,16.467,0.00012575167056638747,0.55831,-0.00551,0.24387,0.65041,0.00974,0.01894,0.94755,0.31944,0.00764,0.00742
248,16.533,0.00012575167056638747,0.5586,-0.01018,0.24742,0.62129,-0.00524,0.02012,0.95208,0.30568,0.00058,0.01038
249,16.6,0.00012476666597649455,0.55878,-0.01371,0.25121,0.59307,-0.01387,0.0187,0.95627,0.29225,-0.0039,0.01097
250,16.667,0.00012476666597649455,0.55928,-0.01647,0.25489,0.56566,-0.01561,0.01788,0.96018,0.27912,-0.005,0.01076
251,16.733,0.00012181166675873101,0.55876,-0.01827,0.25674,0.53291,-0.01895,0.01641,0.96461,0.26337,-0.00698,0.01041
252,16.8,0.00012181166675873101,0.55783,-0.01858,0.25827,0.49851,-0.02377,0.01643,0.96897,0.24675,-0.00949,0.01089
253,16.867,0.00012181166675873101,0.55799,-0.01822,0.26035,0.46499,-0.0267,0.0176,0.97294,0.23049,-0.01096,0.01164
254,16.933,0.0001096633350243792,0.55921,-0.01766,0.26209,0.43216,-0.02563,0.01846,0.9766,0.21449,-0.01054,0.01176
255,17.0,0.0001096633350243792,0.56137,-0.01812,0.2639,0.39752,-0.02372,0.02242,0.98015,0.19756,-0.00941,0.01333
256,17.067,-2.9549999453593045e-05,0.56382,-0.01968,0.26467,0.3697,-0.02078,0.02253,0.98283,0.18389,-0.00814,0.01298
257,17.133,-2.9549999453593045e-05,0.5653,-0.02285,0.2649,0.33545,-0.02509,0.02119,0.98581,0.16705,-0.0106,0.01254
258,17.2,-2.9549999453593045e-05,0.56662,-0.02708,0.26527,0.29712,-0.03344,0.02222,0.98876,0.14817,-0.01489,0.01346
259,17.267,-2.9878332497901283e-05,0.56856,-0.03163,0.26613,0.26035,-0.03935,0.02319,0.99125,0.13,-0.018,0.01405
260,17.333,-2.9878332497901283e-05,0.5696,-0.03621,0.26635,0.22333,-0.0496,0.02409,0.99336,0.11169,-0.0233,0.01473
261,17.4,-2.9878332497901283e-05,0.57067,-0.04072,0.26726,0.18967,-0.05793,0.02592,0.99497,0.09502,-0.0276,0.01564
262,17.467,-2.9878332497901283e-05,0.57168,-0.04497,0.26851,0.15744,-0.06985,0.0304,0.99614,0.07911,-0.03361,0.01789
263,17.533,-2.9878332497901283e-05,0.57401,-0.0488,0.26995,0.12843,-0.07374,0.03437,0.99707,0.06475,-0.03568,0.0195
264,17.6,-3.053500040550716e-05,0.57644,-0.0526,0.27079,0.10117,-0.07528,0.04062,0.99777,0.05128,-0.03655,0.02217
265,17.667,-3.053500040550716e-05,0.57857,-0.05661,0.27151,0.07322,-0.08194,0.05185,0.99812,0.03762,-0.03997,0.02738
266,17.733,-3.053500040550716e-05,0.58133,-0.05996,0.27307,0.04639,-0.08698,0.06554,0.99822,0.02458,-0.04268,0.03373
267,17.8,-3.0863331630825996e-05,0.58392,-0.0625,0.27429,0.02358,-0.09152,0.07787,0.99811,0.01355,-0.04525,0.03942
268,17.867,-3.0863331630825996e-05,0.58676,-0.06454,0.27545,0.00537,-0.09003,0.08808,0.99801,0.00466,-0.04484,0.0441
269,17.933,-3.0863331630825996e-05,0.58941,-0.06687,0.27654,-0.01137,-0.08772,0.09741,0.99785,-0.00354,-0.04407,0.04839
270,18.0,-3.152000135742128e-05,0.59178,-0.06914,0.27784,-0.02886,-0.08447,0.10371,0.99769,-0.01221,-0.04291,0.05117
271,18.067,-3.152000135742128e-05,0.59389,-0.07139,0.27902,-0.04688,-0.08196,0.10901,0.99746,-0.02115,-0.04217,0.05346
272,18.133,-3.184833258274011e-05,0.5957,-0.07333,0.27998,-0.06573,-0.07655,0.11504,0.99715,-0.03058,-0.04007,0.05616
273,18.2,-3.184833258274011e-05,0.59711,-0.07478,0.28036,-0.07923,-0.07037,0.12106,0.99685,-0.03738,-0.03748,0.05902
274,18.267,-3.184833258274011e-05,0.59895,-0.07629,0.28065,-0.08727,-0.05933,0.12799,0.99665,-0.04162,-0.03236,0.06257
275,18.333,-3.250499867135659e-05,0.60056,-0.07764,0.2798,-0.08963,-0.04205,0.1325,0.99665,-0.0433,-0.02392,0.06518
276,18.4,-3.250499867135659e-05,0.60114,-0.07946,0.2783,-0.0924,-0.02665,0.1397,0.99645,-0.04514,-0.0165,0.0691
277,18.467,-3.250499867135659e-05,0.60127,-0.08133,0.27701,-0.09256,-0.01549,0.14504,0.9963,-0.04558,-0.01107,0.07202
278,18.533,-3.283333353465423e-05,0.60132,-0.08286,0.27653,-0.09102,-0.00757,0.14785,0.99624,-0.04509,-0.00713,0.07361
279,18.6,-3.283333353465423e-05,0.60125,-0.08453,0.27633,-0.09013,0.00105,0.15119,0.99613,-0.04496,-0.00288,0.07547
280,18.667,-3.283333353465423e-05,0.60078,-0.08609,0.27618,-0.08825,0.00832,0.15129,0.99615,-0.0443,0.00081,0.07568
281,18.733,-3.3489999623270705e-05,0.5999,-0.08808,0.27631,-0.08686,0.01329,0.15085,0.99617,-0.04379,0.00335,0.07557
282,18.8,-3.3489999623270705e-05,0.59901,-0.09138,0.27665,-0.08156,0.01934,0.15434,0.99612,-0.04139,0.00649,0.07742
283,18.867,-3.381833448656835e-05,0.59809,-0.09554,0.27634,-0.07697,0.02989,0.16169,0.99584,-0.03955,0.01178,0.08126
284,18.933,-3.381833448656835e-05,0.59658,-0.10005,0.27586,-0.0716,0.03707,0.17026,0.99551,-0.03723,0.01541,0.08562
285,19.0,-3.381833448656835e-05,0.59504,-0.10373,0.27515,-0.06583,0.03916,0.17304,0.99547,-0.03447,0.01665,0.08699
286,19.067,-2.8236667276360095e-05,0.5937,-0.10749,0.27471,-0.05858,0.04062,0.17459,0.99551,-0.03094,0.01767,0.08772
287,19.133,-2.8236667276360095e-05,0.59239,-0.11218,0.27468,-0.04787,0.0415,0.17504,0.99563,-0.02565,0.01857,0.08786
288,19.2,-2.8236667276360095e-05,0.59129,-0.11767,0.2749,-0.03999,0.04154,0.17645,0.99566,-0.02174,0.01892,0.08849
289,19.267,-6.566666797880316e-06,0.59033,-0.1239,0.27526,-0.03154,0.0424,0.17918,0.99561,-0.0176,0.0197,0.08977
290,19.333,-6.566666797880316e-06,0.58953,-0.13036,0.27504,-0.02305,0.04645,0.18166,0.99552,-0.01358,0.02208,0.09094
291,19.4,-3.2833332852533204e-07,0.58814,-0.13662,0.27382,-0.01577,0.04732,0.18308,0.99549,-0.01001,0.02284,0.09157
292,19.467,-3.2833332852533204e-07,0.58678,-0.14249,0.27245,-0.01072,0.04856,0.18426,0.99544,-0.00757,0.02368,0.0921
293,19.533,-3.2833332852533204e-07,0.5853,-0.14809,0.27082,-0.00678,0.05014,0.1867,0.99532,-0.00571,0.02464,0.09327
294,19.6,0.0,0.58399,-0.15344,0.26936,-0.00291,0.05081,0.19003,0.99516,-0.00386,0.02515,0.09488
295,19.667,0.0,0.58358,-0.15841,0.26884,0.00521,0.05243,0.19347,0.99499,6e-05,0.02634,0.09648
296,19.733,0.0,0.58348,-0.16412,0.26898,0.01525,0.05504,0.2013,0.99456,0.00482,0.02814,0.10023
297,19.8,3.2833332852533204e-07,0.58253,-0.16915,0.26903,0.02075,0.05363,0.2054,0.99435,0.00757,0.02773,0.1022
298,19.866,3.2833332852533204e-07,0.58163,-0.17369,0.26913,0.02417,0.05187,0.2118,0.99402,0.00927,0.02706,0.10535
299,19.933,3.2833332852533204e-07,0.58098,-0.17791,0.26891,0.02647,0.05104,0.21755,0.99372,0.01038,0.0268,0.10818
300,20.0,3.2833332852533204e-07,0.58067,-0.18174,0.26845,0.02832,0.05102,0.22426,0.99334,0.01121,0.02693,0.11149
301,20.067,3.2833332852533204e-07,0.5812,-0.18512,0.26767,0.03128,0.05435,0.23154,0.99287,0.01239,0.02879,0.11503
302,20.133,3.2833332852533204e-07,0.58193,-0.188,0.26603,0.03427,0.05763,0.2358,0.99256,0.01362,0.03062,0.11707
303,20.2,3.2833332852533204e-07,0.58238,-0.19052,0.26378,0.03571,0.06001,0.23902,0.99233,0.01414,0.03191,0.11862
304,20.267,3.2833332852533204e-07,0.58236,-0.19277,0.26144,0.03583,0.06092,0.24071,0.99221,0.01412,0.03238,0.11945
305,20.333,3.2833332852533204e-07,0.58239,-0.19452,0.25924,0.03577,0.06189,0.24138,0.99216,0.01402,0.03286,0.11977
306,20.4,3.2833332852533204e-07,0.58254,-0.19587,0.25716,0.03753,0.06294,0.24196,0.9921,0.01482,0.03349,0.12002
307,20.467,3.2833332852533204e-07,0.58253,-0.19696,0.25532,0.03931,0.06277,0.24234,0.99206,0.01571,0.03352,0.12018
308,20.533,3.2833332852533204e-07,0.58262,-0.19762,0.25383,0.03993,0.06268,0.24252,0.99205,0.01602,0.03351,0.12026
309,20.6,3.2833332852533204e-07,0.58279,-0.19808,0.2523,0.04034,0.06364,0.2422,0.99205,0.01617,0.03401,0.12008
310,20.666,3.2833332852533204e-07,0.58285,-0.19834,0.25084,0.04072,0.06458,0.24227,0.99203,0.0163,0.0345,0.1201
311,20.733,3.2833332852533204e-07,0.58254,-0.19854,0.24975,0.04018,0.06365,0.24157,0.99209,0.0161,0.034,0.11977
312,20.8,3.2833332852533204e-07,0.58246,-0.19897,0.24913,0.04006,0.06343,0.24101,0.99213,0.01606,0.03388,0.1195
313,20.867,3.2833332852533204e-07,0.5828,-0.19965,0.24844,0.04074,0.0661,0.24033,0.99212,0.01625,0.03524,0.11912
314,20.933,3.2833332852533204e-07,0.58304,-0.20038,0.24719,0.03974,0.07005,0.23796,0.99221,0.01556,0.03712,0.11791
315,21.0,3.2833332852533204e-07,0.58323,-0.20106,0.24542,0.03809,0.07392,0.23647,0.99224,0.01454,0.03893,0.11716
316,21.067,3.2833332852533204e-07,0.58285,-0.20107,0.24294,0.03632,0.07488,0.23409,0.99238,0.01365,0.03929,0.116
317,21.133,3.2833332852533204e-07,0.58264,-0.20088,0.24056,0.03557,0.0744,0.23302,0.99245,0.01333,0.039,0.11549
318,21.2,3.2833332852533204e-07,0.58277,-0.20061,0.2387,0.03499,0.07522,0.23104,0.99256,0.01303,0.03936,0.11451
319,21.267,3.2833332852533204e-07,0.58271,-0.20051,0.23725,0.03538,0.075,0.23091,0.99256,0.01324,0.03927,0.11444
320,21.333,0.0,0.58244,-0.20034,0.23599,0.03524,0.07438,0.2302,0.99262,0.01322,0.03895,0.1141
321,21.4,0.0,0.58209,-0.20022,0.23484,0.03521,0.07376,0.22967,0.99266,0.01325,0.03864,0.11384
322,21.467,0.0,0.58155,-0.19998,0.2333,0.03495,0.07516,0.22813,0.99272,0.01307,0.03931,0.11307
323,21.533,3.2833332852533204e-07,0.58083,-0.20004,0.23157,0.03477,0.0766,0.22576,0.99283,0.01295,0.04,0.11188
324,21.6,3.2833332852533204e-07,0.58004,-0.20057,0.22997,0.0339,0.07814,0.22385,0.99292,0.01247,0.0407,0.11093
325,21.667,3.2833332852533204e-07,0.57881,-0.20096,0.22784,0.0321,0.07985,0.22002,0.99311,0.01156,0.04143,0.10905
326,21.733,3.2833332852533204e-07,0.57781,-0.20144,0.22566,0.03,0.08352,0.2168,0.99322,0.01038,0.04312,0.10746
327,21.8,3.2833332852533204e-07,0.57646,-0.20168,0.22321,0.02684,0.08609,0.21325,0.99337,0.00875,0.04421,0.10574
328,21.867,3.2833332852533204e-07,0.57539,-0.20154,0.22096,0.02466,0.08858,0.21044,0.99348,0.0076,0.04532,0.10437
329,21.933,3.2833332852533204e-07,0.57434,-0.20098,0.21857,0.02319,0.0896,0.20773,0.9936,0.00688,0.04574,0.10305
330,22.0,0.0,0.57349,-0.20038,0.21645,0.02242,0.08923,0.20567,0.99372,0.00656,0.04551,0.10205
331,22.067,0.0,0.57267,-0.19954,0.21487,0.02088,0.0887,0.2028,0.99388,0.00589,0.04516,0.10066
332,22.133,0.0,0.57209,-0.19808,0.21398,0.01449,0.0875,0.19449,0.99433,0.00296,0.04423,0.09668
333,22.2,0.0,0.57194,-0.19705,0.21376,0.01201,0.08614,0.1894,0.9946,0.0019,0.04343,0.09421
334,22.267,0.0,0.57156,-0.19612,0.21348,0.00996,0.0835,0.1844,0.99489,0.00111,0.04202,0.09178
335,22.333,0.0,0.57139,-0.19574,0.21353,0.0102,0.08133,0.18202,0.99504,0.00138,0.04095,0.0906
336,22.4,0.0,0.57124,-0.19571,0.21359,0.01111,0.07987,0.18057,0.99514,0.00193,0.04026,0.08987
337,22.467,0.0,0.57104,-0.19622,0.21354,0.01266,0.07935,0.18031,0.99516,0.00273,0.04007,0.08971
338,22.533,0.0,0.57074,-0.19707,0.21353,0.01379,0.07892,0.18025,0.99517,0.00331,0.03991,0.08966
339,22.6,0.0,0.57047,-0.19807,0.21355,0.01404,0.07894,0.18042,0.99516,0.00343,0.03993,0.08974
340,22.667,0.0,0.57026,-0.19898,0.21354,0.01446,0.07908,0.18072,0.99514,0.00363,0.04002,0.08988
341,22.733,0.0,0.57009,-0.19959,0.21345,0.01439,0.07955,0.18088,0.99513,0.00357,0.04025,0.08996
342,22.8,0.0,0.56993,-0.20006,0.21338,0.01472,0.07972,0.18104,0.99511,0.00372,0.04035,0.09003
343,22.867,0.0,0.56986,-0.20044,0.21327,0.01531,0.08023,0.18119,0.9951,0.00399,0.04063,0.09009
344,22.933,-3.2833332852533204e-07,0.56996,-0.201,0.21304,0.01622,0.08175,0.18137,0.99506,0.00437,0.04143,0.09015
345,23.0,-3.2833332852533204e-07,0.56993,-0.20153,0.21258,0.01638,0.08286,0.18177,0.99502,0.00439,0.04199,0.09034
346,23.067,-3.2833332852533204e-07,0.56997,-0.20186,0.21198,0.01646,0.08376,0.1821,0.99498,0.00438,0.04244,0.0905
347,23.133,-3.2833332852533204e-07,0.57025,-0.2022,0.2112,0.01669,0.08555,0.18268,0.99492,0.0044,0.04334,0.09077
348,23.2,-3.2833332852533204e-07,0.57024,-0.20256,0.21029,0.01646,0.08605,0.1829,0.9949,0.00426,0.04358,0.09088
349,23.267,-3.2833332852533204e-07,0.57009,-0.20297,0.20951,0.01521,0.08578,0.18302,0.9949,0.00365,0.04339,0.09097
350,23.333,-3.2833332852533204e-07,0.5698,-0.2035,0.20887,0.01252,0.08492,0.18301,0.99492,0.00235,0.04284,0.09103
351,23.4,-3.2833332852533204e-07,0.56947,-0.204,0.20858,0.00684,0.08329,0.18296,0.99496,-0.0004,0.04177,0.09113
352,23.467,-3.2833332852533204e-07,0.56934,-0.2042,0.20876,0.00014,0.08119,0.18297,0.995,-0.00364,0.04042,0.09128
353,23.533,-3.2833332852533204e-07,0.56977,-0.2044,0.20937,-0.00544,0.0808,0.18377,0.99496,-0.00641,0.03997,0.09179
354,23.6,-3.2833332852533204e-07,0.57018,-0.20447,0.20983,-0.01151,0.08149,0.18403,0.9949,-0.00947,0.04003,0.09204
355,23.667,-3.2833332852533204e-07,0.57018,-0.2044,0.2099,-0.01747,0.08128,0.18427,0.99487,-0.01243,0.03965,0.09228
356,23.733,-3.2833332852533204e-07,0.57007,-0.20429,0.20976,-0.02163,0.0807,0.18409,0.99486,-0.01447,0.03917,0.09227
357,23.8,-3.2833332852533204e-07,0.56995,-0.20436,0.20962,-0.02461,0.08027,0.18408,0.99484,-0.01593,0.03882,0.09232
358,23.867,-3.2833332852533204e-07,0.5699,-0.2044,0.20944,-0.02808,0.08,0.18382,0.99483,-0.01764,0.03853,0.09226
359,23.933,-3.2833332852533204e-07,0.56997,-0.20444,0.20929,-0.03164,0.08007,0.18365,0.99481,-0.01941,0.0384,0.09224
360,24.0,-3.2833332852533204e-07,0.57011,-0.20452,0.20919,-0.03417,0.08034,0.18367,0.99477,-0.02068,0.03842,0.0923
361,24.067,-3.2833332852533204e-07,0.57017,-0.20461,0.20893,-0.03568,0.08026,0.18371,0.99476,-0.02143,0.03831,0.09235
362,24.133,-3.2833332852533204e-07,0.5702,-0.20471,0.20859,-0.03713,0.08,0.1837,0.99475,-0.02214,0.03811,0.09237
363,24.2,-3.2833332852533204e-07,0.57033,-0.2048,0.20805,-0.03827,0.07944,0.18374,0.99475,-0.02268,0.03778,0.09241
364,24.267,-3.2833332852533204e-07,0.57055,-0.2049,0.20771,-0.03871,0.07916,0.18389,0.99474,-0.02289,0.03762,0.09249
365,24.333,-6.566666570506641e-07,0.57063,-0.20496,0.20727,-0.03892,0.07858,0.18397,0.99475,-0.02297,0.03732,0.09253
366,24.4,-6.566666570506641e-07,0.57075,-0.20506,0.20669,-0.03907,0.07779,0.18406,0.99476,-0.02301,0.03692,0.09257
367,24.467,-6.566666570506641e-07,0.5708,-0.20527,0.20594,-0.03874,0.07689,0.18284,0.99483,-0.02278,0.0365,0.09195
368,24.533,-6.566666570506641e-07,0.57047,-0.20589,0.20494,-0.03907,0.07541,0.18183,0.99491,-0.02286,0.03576,0.09144
369,24.6,-6.566666570506641e-07,0.5701,-0.20657,0.20421,-0.04033,0.07431,0.18132,0.99494,-0.02343,0.03516,0.0912
370,24.667,-9.85000042419415e-07,0.56998,-0.20687,0.2039,-0.04046,0.07376,0.1813,0.99495,-0.02347,0.03488,0.09119
371,24.733,-9.85000042419415e-07,0.56999,-0.20708,0.2038,-0.04018,0.07355,0.18132,0.99495,-0.02332,0.03479,0.09119
372,24.8,-9.85000042419415e-07,0.57001,-0.20708,0.20356,-0.04032,0.07374,0.17847,0.99508,-0.02335,0.03491,0.08978
373,24.866,-9.85000042419415e-07,0.57019,-0.20688,0.2034,-0.04174,0.07486,0.17312,0.99527,-0.02401,0.03547,0.08715
374,24.933,-9.85000042419415e-07,0.57022,-0.20699,0.20332,-0.04323,0.0755,0.17028,0.99537,-0.02473,0.03576,0.08577
375,25.0,-1.3133333141013281e-06,0.57027,-0.20729,0.20344,-0.04361,0.07601,0.16923,0.9954,-0.02492,0.03601,0.08526
376,25.067,-1.3133333141013281e-06,0.5702,-0.20755,0.20343,-0.04436,0.07636,0.16771,0.99544,-0.02528,0.03617,0.08452
377,25.133,-1.3133333141013281e-06,0.57023,-0.20778,0.20342,-0.04474,0.07681,0.1662,0.99549,-0.02546,0.0364,0.08378
378,25.2,-9.85000042419415e-07,0.57091,-0.20806,0.20386,-0.04597,0.07961,0.16307,0.99555,-0.02613,0.03778,0.08227
379,25.267,-9.85000042419415e-07,0.57185,-0.20848,0.20477,-0.04719,0.08346,0.16009,0.99557,-0.02683,0.03969,0.08085
380,25.333,-1.3133333141013281e-06,0.57196,-0.20871,0.20495,-0.04757,0.08398,0.16009,0.99556,-0.02704,0.03993,0.08086
381,25.4,-1.3133333141013281e-06,0.57196,-0.20866,0.2049,-0.04747,0.08391,0.16005,0.99556,-0.02699,0.0399,0.08084
382,25.467,-1.3133333141013281e-06,0.57197,-0.20864,0.20489,-0.04744,0.08388,0.16003,0.99556,-0.02697,0.03989,0.08083
383,25.533,-9.85000042419415e-07,0.57198,-0.20862,0.2049,-0.04739,0.0839,0.16003,0.99556,-0.02695,0.0399,0.08083
384,25.6,-9.85000042419415e-07,0.57198,-0.20862,0.2049,-0.04741,0.0839,0.16003,0.99556,-0.02696,0.0399,0.08083
385,25.667,-9.85000042419415e-07,0.57198,-0.20861,0.20489,-0.04738,0.0839,0.16002,0.99557,-0.02694,0.0399,0.08082
386,25.733,-9.85000042419415e-07,0.57198,-0.20861,0.2049,-0.0474,0.0839,0.16001,0.99556,-0.02695,0.0399,0.08082
387,25.8,-9.85000042419415e-07,0.57198,-0.20861,0.2049,-0.04738,0.0839,0.16002,0.99557,-0.02694,0.0399,0.08082
388,25.867,-1.3133333141013281e-06,0.57198,-0.20861,0.20489,-0.04738,0.0839,0.16002,0.99557,-0.02694,0.0399,0.08082
389,25.933,-1.3133333141013281e-06,0.57198,-0.2086,0.20489,-0.04736,0.0839,0.16002,0.99557,-0.02693,0.0399,0.08082
390,26.0,-1.3133333141013281e-06,0.57198,-0.20861,0.20489,-0.04736,0.0839,0.16002,0.99557,-0.02693,0.0399,0.08082
391,26.067,-9.85000042419415e-07,0.57198,-0.2086,0.2049,-0.04736,0.0839,0.16002,0.99557,-0.02693,0.0399,0.08082
392,26.133,-9.85000042419415e-07,0.57198,-0.2086,0.20489,-0.04736,0.0839,0.16002,0.99557,-0.02693,0.0399,0.08082
393,26.2,-9.85000042419415e-07,0.57198,-0.2086,0.2049,-0.04734,0.0839,0.16002,0.99557,-0.02692,0.0399,0.08082
394,26.267,-9.85000042419415e-07,0.57198,-0.2086,0.20489,-0.04734,0.0839,0.16002,0.99557,-0.02692,0.0399,0.08082
395,26.333,-9.85000042419415e-07,0.57198,-0.2086,0.20489,-0.04734,0.0839,0.16002,0.99557,-0.02692,0.0399,0.08082
396,26.4,-9.85000042419415e-07,0.57198,-0.2086,0.2049,-0.04734,0.0839,0.16002,0.99557,-0.02692,0.0399,0.08082
397,26.466,-9.85000042419415e-07,0.57198,-0.2086,0.20489,-0.04734,0.0839,0.16002,0.99557,-0.02692,0.0399,0.08082
398,26.533,-9.85000042419415e-07,0.57198,-0.2086,0.20489,-0.04734,0.0839,0.16002,0.99557,-0.02692,0.0399,0.08082
399,26.6,-1.3133333141013281e-06,0.57199,-0.2086,0.2049,-0.04732,0.08389,0.16002,0.99557,-0.02691,0.0399,0.08082
400,26.666,-1.3133333141013281e-06,0.57198,-0.2086,0.20489,-0.04732,0.08389,0.16002,0.99557,-0.02691,0.0399,0.08082
401,26.733,-9.85000042419415e-07,0.57199,-0.2086,0.2049,-0.04732,0.08389,0.16002,0.99557,-0.02691,0.0399,0.08082
402,26.8,-9.85000042419415e-07,0.57198,-0.2086,0.2049,-0.04732,0.08389,0.16002,0.99557,-0.02691,0.0399,0.08082
403,26.867,-9.85000042419415e-07,0.57198,-0.2086,0.20489,-0.04732,0.08389,0.16002,0.99557,-0.02691,0.0399,0.08082
404,26.933,0.0235185157507658,0.57199,-0.20859,0.2049,-0.04732,0.08389,0.16002,0.99557,-0.02691,0.0399,0.08082
405,27.0,0.0235185157507658,0.57199,-0.2086,0.2049,-0.04732,0.08389,0.16002,0.99557,-0.02691,0.0399,0.08082
406,27.067,0.0235185157507658,0.57199,-0.2086,0.2049,-0.04732,0.08389,0.16002,0.99557,-0.02691,0.0399,0.08082
407,27.133,0.0235185157507658,0.57198,-0.2086,0.20489,-0.04732,0.08389,0.16002,0.99557,-0.02691,0.0399,0.08082
408,27.2,0.0235185157507658,0.57199,-0.20859,0.20489,-0.0473,0.08389,0.16002,0.99557,-0.0269,0.0399,0.08082
409,27.267,0.0235185157507658,0.57198,-0.2086,0.20489,-0.04732,0.08389,0.16002,0.99557,-0.02691,0.0399,0.08082
410,27.333,0.0235185157507658,0.57199,-0.20859,0.2049,-0.04729,0.08391,0.16002,0.99557,-0.0269,0.03991,0.08082
411,27.4,0.0235185157507658,0.57198,-0.2086,0.20489,-0.04732,0.08389,0.16002,0.99557,-0.02691,0.0399,0.08082
412,27.467,0.0235185157507658,0.57199,-0.20859,0.20489,-0.04728,0.08389,0.16002,0.99557,-0.02689,0.0399,0.08082
413,27.533,0.0235185157507658,0.57199,-0.20859,0.2049,-0.0473,0.08389,0.16002,0.99557,-0.0269,0.0399,0.08082
414,27.6,0.0235185157507658,0.57199,-0.20859,0.20489,-0.0473,0.08389,0.16002,0.99557,-0.0269,0.0399,0.08082
415,27.667,0.0235185157507658,0.57198,-0.2086,0.20489,-0.0473,0.08389,0.16002,0.99557,-0.0269,0.0399,0.08082
416,27.733,0.0235185157507658,0.57199,-0.20859,0.20489,-0.0473,0.08389,0.16002,0.99557,-0.0269,0.0399,0.08082
417,27.8,0.0235185157507658,0.57199,-0.20859,0.2049,-0.0473,0.08389,0.16002,0.99557,-0.0269,0.0399,0.08082
418,27.867,0.0235185157507658,0.57199,-0.20859,0.2049,-0.0473,0.08389,0.16002,0.99557,-0.0269,0.0399,0.08082
419,27.933,0.0235185157507658,0.57199,-0.20859,0.20489,-0.0473,0.08389,0.16002,0.99557,-0.0269,0.0399,0.08082
420,28.0,0.023701397702097893,0.57199,-0.20859,0.20489,-0.04728,0.08389,0.16002,0.99557,-0.02689,0.0399,0.08082
421,28.067,0.023701397702097893,0.57199,-0.20859,0.20489,-0.04728,0.08389,0.16002,0.99557,-0.02689,0.0399,0.08082
422,28.133,0.023701397702097893,0.57199,-0.20859,0.20489,-0.0473,0.08389,0.16002,0.99557,-0.0269,0.0399,0.08082
423,28.2,0.023701397702097893,0.57199,-0.20859,0.20489,-0.0473,0.08389,0.16002,0.99557,-0.0269,0.0399,0.08082
424,28.267,0.025203851982951164,0.572,-0.20859,0.20491,-0.04729,0.08393,0.16002,0.99557,-0.0269,0.03992,0.08082
425,28.333,0.025203851982951164,0.572,-0.2086,0.20492,-0.04729,0.08395,0.16002,0.99556,-0.0269,0.03993,0.08082
426,28.4,0.027039235457777977,0.572,-0.2086,0.20492,-0.04729,0.08397,0.16002,0.99556,-0.0269,0.03994,0.08082
427,28.467,0.027039235457777977,0.572,-0.20861,0.20492,-0.04731,0.08397,0.16004,0.99556,-0.02691,0.03994,0.08083
428,28.533,0.027039235457777977,0.572,-0.2086,0.20493,-0.04727,0.08397,0.16002,0.99556,-0.02689,0.03994,0.08082
429,28.6,0.029323121532797813,0.57201,-0.2086,0.20492,-0.04729,0.08397,0.16002,0.99556,-0.0269,0.03994,0.08082
430,28.666,0.029323121532797813,0.57201,-0.2086,0.20492,-0.04727,0.08397,0.16002,0.99556,-0.02689,0.03994,0.08082
431,28.733,0.032405514270067215,0.572,-0.2086,0.20492,-0.04729,0.08397,0.16002,0.99556,-0.0269,0.03994,0.08082
432,28.8,0.032405514270067215,0.57201,-0.2086,0.20492,-0.04727,0.08397,0.16004,0.99556,-0.02689,0.03994,0.08083
433,28.867,0.032405514270067215,0.57201,-0.2086,0.20493,-0.04727,0.08397,0.16002,0.99556,-0.02689,0.03994,0.08082
434,28.933,0.035842180252075195,0.57201,-0.2086,0.20493,-0.04727,0.08397,0.16002,0.99556,-0.02689,0.03994,0.08082
435,29.0,0.035842180252075195,0.57201,-0.2086,0.20493,-0.04727,0.08397,0.16002,0.99556,-0.02689,0.03994,0.08082
436,29.067,0.035842180252075195,0.57201,-0.2086,0.20492,-0.04727,0.08397,0.16002,0.99556,-0.02689,0.03994,0.08082
437,29.134,0.03954676538705826,0.57201,-0.2086,0.20493,-0.04727,0.08397,0.16002,0.99556,-0.02689,0.03994,0.08082
438,29.2,0.03954676538705826,0.57201,-0.2086,0.20492,-0.04727,0.08397,0.16002,0.99556,-0.02689,0.03994,0.08082
439,29.267,0.03977856785058975,0.57201,-0.2086,0.20493,-0.04727,0.08397,0.16002,0.99556,-0.02689,0.03994,0.08082
440,29.333,0.03977856785058975,0.57201,-0.2086,0.20492,-0.04727,0.08397,0.16002,0.99556,-0.02689,0.03994,0.08082
441,29.4,0.03977856785058975,0.57201,-0.2086,0.20492,-0.04727,0.08397,0.16002,0.99556,-0.02689,0.03994,0.08082
442,29.467,0.03977856785058975,0.57201,-0.2086,0.20493,-0.04727,0.08399,0.16002,0.99556,-0.02689,0.03995,0.08082
443,29.533,0.03977856785058975,0.57201,-0.2086,0.20493,-0.04727,0.08397,0.16002,0.99556,-0.02689,0.03994,0.08082
444,29.6,0.03977824002504349,0.57201,-0.2086,0.20493,-0.04729,0.08397,0.16002,0.99556,-0.0269,0.03994,0.08082
445,29.667,0.03977824002504349,0.57201,-0.2086,0.20493,-0.04727,0.08397,0.16002,0.99556,-0.02689,0.03994,0.08082
446,29.733,0.03977824002504349,0.57201,-0.2086,0.20493,-0.04727,0.08399,0.16002,0.99556,-0.02689,0.03995,0.08082
447,29.8,0.016254469752311707,0.57201,-0.2086,0.20493,-0.04727,0.08397,0.16002,0.99556,-0.02689,0.03994,0.08082
448,29.867,0.016254469752311707,0.57201,-0.2086,0.20492,-0.04727,0.08397,0.16002,0.99556,-0.02689,0.03994,0.08082
449,29.933,0.016254469752311707,0.57201,-0.2086,0.20493,-0.04727,0.08399,0.16004,0.99556,-0.02689,0.03995,0.08083
