time,gr,tx,ty,tz,rx,ry,rz,qw,qx,qy,qz
0.0,0.015806622803211212,0.30795,0.00221,0.48483,0.01456,0.00048,-0.00494,0.99997,0.00728,0.00022,-0.00247
0.067,0.015806622803211212,0.30795,0.00221,0.48484,0.01456,0.00048,-0.00494,0.99997,0.00728,0.00022,-0.00247
0.133,0.015806622803211212,0.30795,0.00221,0.48483,0.01456,0.00048,-0.00494,0.99997,0.00728,0.00022,-0.00247
0.2,0.015806622803211212,0.30795,0.00221,0.48483,0.01458,0.00048,-0.00494,0.99997,0.00729,0.00022,-0.00247
0.267,0.015806622803211212,0.30795,0.00222,0.48483,0.01458,0.00048,-0.00494,0.99997,0.00729,0.00022,-0.00247
0.333,0.015806622803211212,0.30795,0.00221,0.48484,0.01456,0.00048,-0.00494,0.99997,0.00728,0.00022,-0.00247
0.4,0.015806622803211212,0.30795,0.00222,0.48484,0.01458,0.0005,-0.00494,0.99997,0.00729,0.00023,-0.00247
0.467,0.015806622803211212,0.30795,0.00224,0.48485,0.01466,0.00054,-0.0049,0.99997,0.00733,0.00025,-0.00245
0.533,0.015806622803211212,0.30795,0.00223,0.48485,0.01462,0.00052,-0.00492,0.99997,0.00731,0.00024,-0.00246
0.6,0.015806622803211212,0.30795,0.00223,0.48484,0.01462,0.0005,-0.00494,0.99997,0.00731,0.00023,-0.00247
0.667,0.015806294977664948,0.30795,0.00223,0.48484,0.01462,0.0005,-0.00494,0.99997,0.00731,0.00023,-0.00247
0.733,0.015806294977664948,0.30795,0.00223,0.48484,0.01464,0.00052,-0.00494,0.99997,0.00732,0.00024,-0.00247
0.8,0.015806622803211212,0.30796,0.00223,0.48483,0.01462,0.00048,-0.00494,0.99997,0.00731,0.00022,-0.00247
0.867,0.015806622803211212,0.30805,0.00224,0.48468,0.0146,4e-05,-0.00496,0.99997,0.0073,0.0,-0.00248
0.933,0.015806622803211212,0.30858,0.00223,0.48391,0.01455,-0.00198,-0.00499,0.99997,0.00727,-0.00101,-0.00249
1.0,0.015806622803211212,0.31014,0.00214,0.48221,0.01413,-0.0054,-0.0052,0.99997,0.00706,-0.00272,-0.00258
1.067,0.015806622803211212,0.31355,0.00188,0.4793,0.01083,-0.00899,-0.00581,0.99997,0.0054,-0.00451,-0.00288
1.133,0.015806622803211212,0.31926,0.00229,0.47535,0.00342,-0.01023,-0.00786,0.99998,0.00169,-0.00512,-0.00392
1.2,0.015806622803211212,0.32676,0.00268,0.47046,-0.00868,-0.00968,-0.00822,0.99997,-0.00436,-0.00482,-0.00413
1.267,0.015806622803211212,0.33578,0.00329,0.4645,-0.02363,-0.00824,-0.00818,0.99991,-0.01183,-0.00407,-0.00414
1.333,0.015806622803211212,0.34574,0.00419,0.45761,-0.04196,-0.00644,-0.00865,0.99977,-0.02099,-0.00313,-0.00439
1.4,0.015806622803211212,0.35583,0.00561,0.45014,-0.05979,-0.00507,-0.00959,0.99954,-0.0299,-0.00239,-0.00487
1.467,0.015806622803211212,0.36563,0.00759,0.4421,-0.07455,-0.00546,-0.00946,0.99929,-0.03728,-0.00255,-0.00483
1.533,0.015806622803211212,0.37533,0.00946,0.43385,-0.08787,-0.00531,-0.00916,0.99902,-0.04393,-0.00245,-0.00469
1.6,0.015806622803211212,0.38512,0.01111,0.42566,-0.10067,-0.00234,-0.00905,0.99872,-0.05032,-0.00094,-0.00458
1.667,0.015806622803211212,0.39546,0.01291,0.41757,-0.11292,0.00447,-0.00991,0.99839,-0.05642,0.00251,-0.00482
1.733,0.015806622803211212,0.40616,0.01462,0.41037,-0.12799,0.01626,-0.0118,0.99791,-0.0639,0.00849,-0.00537
1.8,0.015806622803211212,0.41727,0.01605,0.4047,-0.14577,0.03339,-0.01509,0.99719,-0.07268,0.0172,-0.00631
1.867,0.015806622803211212,0.42911,0.01751,0.4008,-0.16706,0.05612,-0.0205,0.99609,-0.08311,0.02881,-0.00787
1.933,0.015806622803211212,0.44075,0.0194,0.39847,-0.19138,0.08045,-0.02777,0.99458,-0.0949,0.04135,-0.00997
2.0,0.015806622803211212,0.45187,0.0212,0.39662,-0.22147,0.10387,-0.03687,0.99247,-0.10939,0.05362,-0.01256
2.067,0.015806622803211212,0.4615,0.02244,0.39435,-0.25417,0.12115,-0.04596,0.99003,-0.1251,0.06294,-0.01508
2.133,0.015806622803211212,0.4693,0.02326,0.39121,-0.28623,0.13229,-0.05414,0.98751,-0.14049,0.06925,-0.01731
2.2,0.015806622803211212,0.47578,0.024,0.38756,-0.31298,0.13823,-0.06043,0.9853,-0.15335,0.07288,-0.01901
2.267,0.015806622803211212,0.48208,0.02493,0.38351,-0.33441,0.14433,-0.06642,0.98334,-0.16354,0.07657,-0.02066
2.333,0.015806622803211212,0.48948,0.02622,0.37983,-0.34963,0.15466,-0.07355,0.98165,-0.17049,0.0824,-0.02267
2.4,0.015806622803211212,0.49695,0.02777,0.37605,-0.35944,0.16449,-0.07992,0.98037,-0.17478,0.08788,-0.0245
2.467,0.015806622803211212,0.50351,0.02946,0.37091,-0.35951,0.17076,-0.08309,0.98009,-0.1745,0.09123,-0.02548
2.533,0.015806622803211212,0.50899,0.03085,0.36453,-0.35752,0.17209,-0.08362,0.98021,-0.17346,0.0919,-0.02571
2.6,0.015806622803211212,0.51344,0.03213,0.35732,-0.35525,0.16884,-0.0821,0.98055,-0.17251,0.09015,-0.02536
2.667,0.015806622803211212,0.51728,0.03352,0.34903,-0.3525,0.16338,-0.07957,0.98102,-0.17142,0.08722,-0.02473
2.734,0.015806622803211212,0.52067,0.03505,0.34042,-0.3493,0.15614,-0.07625,0.98159,-0.17018,0.08335,-0.02388
2.8,0.015806622803211212,0.52391,0.0364,0.33181,-0.34632,0.14693,-0.07192,0.98221,-0.16912,0.07843,-0.02268
2.867,0.015806622803211212,0.52691,0.03687,0.3235,-0.34515,0.13713,-0.06755,0.98267,-0.16894,0.07324,-0.02143
2.933,0.015806622803211212,0.53039,0.03668,0.31611,-0.34545,0.12907,-0.06403,0.98292,-0.16939,0.06899,-0.02039
3.0,0.015806622803211212,0.53381,0.03623,0.3092,-0.34616,0.12108,-0.06049,0.98312,-0.17002,0.06477,-0.01932
3.067,0.015806622803211212,0.53724,0.03579,0.30227,-0.34695,0.11154,-0.05637,0.98334,-0.17072,0.05974,-0.0181
3.133,0.015806622803211212,0.54049,0.03556,0.29581,-0.34729,0.10201,-0.05219,0.98357,-0.17118,0.0547,-0.01686
3.2,0.015806622803211212,0.54383,0.0355,0.28985,-0.34741,0.09341,-0.0484,0.98378,-0.17148,0.05015,-0.01574
3.267,0.015806622803211212,0.54695,0.03543,0.2841,-0.34755,0.08527,-0.04479,0.98396,-0.17176,0.04584,-0.01467
3.333,0.015806622803211212,0.55004,0.0349,0.27872,-0.34842,0.07797,-0.04139,0.98404,-0.17237,0.04196,-0.01361
3.4,0.015806622803211212,0.55255,0.03367,0.27274,-0.35053,0.06953,-0.03752,0.98403,-0.17359,0.03749,-0.0124
3.467,0.015806622803211212,0.55445,0.03184,0.26619,-0.35373,0.06004,-0.03317,0.98391,-0.17535,0.03246,-0.01104
3.533,0.015806622803211212,0.55535,0.0297,0.25924,-0.35737,0.0496,-0.02823,0.98374,-0.17732,0.02691,-0.00948
3.6,0.015806622803211212,0.55596,0.02767,0.25201,-0.3608,0.03869,-0.023,0.98356,-0.17916,0.02109,-0.00784
3.667,0.015806622803211212,0.55606,0.0263,0.24501,-0.36305,0.02805,-0.0179,0.98346,-0.18038,0.01541,-0.00627
3.734,0.015806622803211212,0.55657,0.02549,0.23884,-0.36444,0.02124,-0.01451,0.98338,-0.18112,0.01176,-0.00521
3.8,0.015806622803211212,0.55809,0.02455,0.23355,-0.36618,0.01982,-0.01335,0.98323,-0.18199,0.01096,-0.00476
3.867,0.015806622803211212,0.56039,0.02312,0.22872,-0.36884,0.02182,-0.01349,0.98298,-0.18329,0.01196,-0.00463
3.933,0.015806622803211212,0.56325,0.02153,0.22428,-0.37262,0.02634,-0.01465,0.9826,-0.18512,0.0143,-0.00476
4.0,0.015806622803211212,0.56581,0.0203,0.21962,-0.37988,0.0311,-0.01612,0.98189,-0.18865,0.01679,-0.00498
4.067,0.015806622803211212,0.56801,0.01967,0.21483,-0.39563,0.03553,-0.01816,0.98033,-0.19633,0.0192,-0.00541
4.133,0.015806622803211212,0.56962,0.01958,0.20982,-0.424,0.03769,-0.02043,0.97743,-0.21018,0.02057,-0.00602
4.2,0.015806622803211212,0.57119,0.01961,0.20482,-0.46494,0.03968,-0.02305,0.9729,-0.2301,0.02196,-0.00664
4.267,0.015806622803211212,0.5724,0.01957,0.19994,-0.51574,0.04025,-0.02568,0.96673,-0.2547,0.02273,-0.00728
4.333,0.015806622803211212,0.57312,0.01958,0.19536,-0.57083,0.03892,-0.02756,0.95935,-0.28122,0.02255,-0.00774
4.4,0.015806622803211212,0.57364,0.0196,0.19128,-0.628,0.03711,-0.02925,0.95092,-0.30852,0.02216,-0.00818
4.467,0.015806622803211212,0.57423,0.01984,0.18794,-0.68386,0.03575,-0.03133,0.94193,-0.33495,0.02209,-0.00876
4.533,0.015806622803211212,0.57513,0.02037,0.18562,-0.73715,0.03563,-0.03461,0.93266,-0.35989,0.02285,-0.00972
4.6,0.015806622803211212,0.57693,0.02113,0.18438,-0.78784,0.03808,-0.04094,0.9232,-0.3833,0.02543,-0.01159
4.667,0.015806622803211212,0.57931,0.02186,0.18374,-0.8339,0.04117,-0.04869,0.91407,-0.40431,0.02867,-0.01392
4.733,0.015806622803211212,0.58205,0.02189,0.18345,-0.87679,0.04384,-0.05628,0.90512,-0.42366,0.03178,-0.01617
4.8,0.015806622803211212,0.58386,0.0218,0.18238,-0.9183,0.04302,-0.05981,0.89611,-0.44231,0.03252,-0.01727
4.867,0.015806622803211212,0.58392,0.02192,0.17986,-0.95625,0.03877,-0.05826,0.88758,-0.45933,0.0306,-0.01694
4.933,0.015806622803211212,0.58329,0.0221,0.17669,-0.99232,0.03397,-0.0551,0.87918,-0.47539,0.02804,-0.01614
5.0,0.015806622803211212,0.58233,0.02205,0.17295,-1.02902,0.02898,-0.05069,0.87034,-0.49158,0.02508,-0.01493
5.067,0.015806622803211212,0.58125,0.02194,0.16879,-1.06487,0.02411,-0.04527,0.86143,-0.50723,0.02187,-0.01338
5.133,0.015806622803211212,0.58009,0.02199,0.16451,-1.10121,0.01953,-0.03942,0.85211,-0.52291,0.01863,-0.01169
5.2,0.015806622803211212,0.57912,0.02225,0.16048,-1.13951,0.0155,-0.03392,0.84196,-0.53922,0.01567,-0.0101
5.267,0.015806622803211212,0.5784,0.0227,0.15697,-1.1807,0.0121,-0.02915,0.83069,-0.55651,0.01314,-0.00874
5.333,0.015806622803211212,0.57838,0.02345,0.1541,-1.22461,0.00946,-0.02578,0.81829,-0.57465,0.01128,-0.00783
5.4,0.015806294977664948,0.57917,0.0245,0.15208,-1.26845,0.00763,-0.02419,0.80549,-0.59247,0.01024,-0.00748
5.467,0.015806294977664948,0.58098,0.0256,0.15046,-1.30936,0.0068,-0.02521,0.7932,-0.60882,0.01037,-0.00793
5.533,0.015806294977664948,0.58363,0.02651,0.14919,-1.34579,0.00618,-0.02748,0.78196,-0.62316,0.01098,-0.00882
5.6,0.015806622803211212,0.58632,0.02721,0.14751,-1.37697,0.00542,-0.02889,0.77215,-0.63527,0.01127,-0.00943
5.667,0.015806622803211212,0.58878,0.02772,0.14535,-1.39912,0.00473,-0.02842,0.76507,-0.64379,0.01096,-0.00935
5.733,0.015806622803211212,0.59041,0.02846,0.14192,-1.41415,0.00383,-0.02545,0.76022,-0.64954,0.00972,-0.00843
5.8,0.015806622803211212,0.59081,0.02953,0.13728,-1.42377,0.00258,-0.01966,0.7571,-0.65322,0.0074,-0.0066
5.867,0.015806622803211212,0.58978,0.03085,0.13147,-1.43205,0.00097,-0.01095,0.75441,-0.65638,0.00396,-0.00381
5.933,0.015806622803211212,0.58757,0.03208,0.1252,-1.44161,-0.00065,-0.00044,0.75128,-0.65999,-0.0001,-0.00038
6.0,0.015806622803211212,0.58554,0.0331,0.11975,-1.45285,-0.00184,0.0088,0.74755,-0.66419,-0.00361,0.00268
6.067,0.015806294977664948,0.5842,0.03415,0.11616,-1.46166,-0.00272,0.01485,0.74461,-0.66746,-0.00597,0.00462
6.133,0.015806294977664948,0.58348,0.03533,0.11425,-1.46675,-0.00337,0.01798,0.7429,-0.66934,-0.00727,0.00555
6.2,0.015806294977664948,0.58353,0.03713,0.11401,-1.46656,-0.00433,0.01731,0.74297,-0.66927,-0.0074,0.00498
6.267,0.015806622803211212,0.58458,0.03978,0.11465,-1.46465,-0.0058,0.01242,0.74362,-0.66857,-0.00631,0.00268
6.333,0.015806622803211212,0.58606,0.0426,0.11533,-1.46681,-0.0072,0.00474,0.7429,-0.66939,-0.00426,-0.00065
6.4,0.015806622803211212,0.58725,0.0447,0.1158,-1.47385,-0.00824,-0.00155,0.74053,-0.67201,-0.00253,-0.00334
6.467,0.015806622803211212,0.58757,0.04562,0.11589,-1.47847,-0.00876,-0.00338,0.73897,-0.67372,-0.0021,-0.0042
6.533,0.015806622803211212,0.58726,0.04593,0.11511,-1.4814,-0.00903,-0.00205,0.73799,-0.6748,-0.00264,-0.0038
6.6,0.015806622803211212,0.58655,0.04599,0.11319,-1.48448,-0.00915,0.0012,0.73695,-0.67593,-0.00378,-0.00265
6.667,0.015806622803211212,0.58539,0.04588,0.11003,-1.48554,-0.00924,0.00653,0.73659,-0.67631,-0.00561,-0.00072
6.733,0.015806622803211212,0.58399,0.04575,0.10608,-1.48565,-0.00931,0.01275,0.73655,-0.67633,-0.00774,0.00155
6.8,0.015806622803211212,0.58373,0.04569,0.1018,-1.4858,-0.0093,0.01356,0.73651,-0.67638,-0.00801,0.00185
6.867,0.015806622803211212,0.58547,0.04569,0.09837,-1.48599,-0.00906,0.00528,0.73644,-0.67648,-0.00512,-0.00112
6.933,0.015806622803211212,0.58835,0.04583,0.09554,-1.48608,-0.00877,-0.00884,0.73639,-0.67653,-0.00024,-0.00622
7.0,0.015806622803211212,0.59152,0.04603,0.09349,-1.48611,-0.00848,-0.02464,0.73631,-0.67652,0.00521,-0.01194
7.067,0.015806622803211212,0.59404,0.04623,0.09221,-1.4861,-0.00827,-0.03744,0.73622,-0.67647,0.00962,-0.01658
7.133,0.015806622803211212,0.59507,0.0463,0.09098,-1.4861,-0.00818,-0.04296,0.73617,-0.67644,0.01152,-0.01858
7.2,0.015806622803211212,0.59457,0.04626,0.0895,-1.48615,-0.0082,-0.041,0.73618,-0.67647,0.01085,-0.01787
7.267,0.015806622803211212,0.59415,0.04626,0.08852,-1.48613,-0.00823,-0.03932,0.7362,-0.67647,0.01027,-0.01726
7.333,0.015806622803211212,0.59395,0.04635,0.08808,-1.48598,-0.00832,-0.03853,0.73625,-0.67642,0.00997,-0.017
7.4,0.015806622803211212,0.59397,0.0465,0.08811,-1.48579,-0.00841,-0.03861,0.73632,-0.67635,0.00996,-0.01706
7.467,0.015806622803211212,0.59393,0.04671,0.0881,-1.48549,-0.00858,-0.03853,0.73642,-0.67624,0.00987,-0.01709
7.534,0.015806622803211212,0.59389,0.04688,0.0881,-1.48526,-0.00869,-0.03837,0.73649,-0.67616,0.00977,-0.01707
7.6,0.015806622803211212,0.59374,0.04719,0.08803,-1.48485,-0.00895,-0.0378,0.73664,-0.67601,0.00948,-0.01695
7.667,0.015806622803211212,0.59361,0.04759,0.08798,-1.48483,-0.00928,-0.03733,0.73664,-0.67601,0.0092,-0.01689
7.733,0.015806622803211212,0.59324,0.04807,0.08783,-1.48674,-0.00976,-0.03577,0.73601,-0.67672,0.00851,-0.01647
7.8,0.015806622803211212,0.59296,0.04854,0.08772,-1.49091,-0.01031,-0.03452,0.7346,-0.67826,0.00792,-0.01618
7.867,0.015806622803211212,0.59263,0.04879,0.08757,-1.49721,-0.01075,-0.03299,0.73247,-0.68058,0.00729,-0.01574
7.933,0.015806622803211212,0.59232,0.04901,0.08744,-1.50378,-0.01114,-0.03153,0.73024,-0.68299,0.0067,-0.01532
8.0,0.015806622803211212,0.59237,0.049,0.08751,-1.5057,-0.0112,-0.03164,0.72958,-0.68369,0.00673,-0.01537
8.067,0.015806622803211212,0.59226,0.04899,0.08742,-1.5057,-0.0112,-0.03117,0.72958,-0.68369,0.00657,-0.0152
8.133,0.015806622803211212,0.59196,0.04879,0.08729,-1.50596,-0.01108,-0.02966,0.72951,-0.68379,0.0061,-0.01461
8.2,0.015806622803211212,0.59134,0.04878,0.08701,-1.50591,-0.01106,-0.02672,0.72955,-0.68378,0.0051,-0.01353
8.267,0.015806622803211212,0.59038,0.04872,0.08657,-1.50591,-0.01104,-0.02214,0.72958,-0.68379,0.00354,-0.01185
8.333,0.015806622803211212,0.58947,0.04873,0.08619,-1.50576,-0.01105,-0.01782,0.72965,-0.68374,0.00206,-0.01028
8.4,0.015806622803211212,0.58951,0.04892,0.08632,-1.50548,-0.01117,-0.01801,0.72974,-0.68364,0.00208,-0.01039
8.467,0.015806622803211212,0.58961,0.04876,0.08651,-1.50557,-0.01107,-0.0184,0.72971,-0.68367,0.00225,-0.0105
8.533,0.015806622803211212,0.58958,0.04834,0.08644,-1.50562,-0.01077,-0.01822,0.7297,-0.68369,0.0023,-0.01033
8.6,0.015806622803211212,0.58956,0.04813,0.08641,-1.5059,-0.01065,-0.01815,0.7296,-0.68379,0.00232,-0.01026
8.667,0.015806622803211212,0.58955,0.04811,0.08639,-1.5059,-0.01065,-0.01812,0.7296,-0.68379,0.00231,-0.01025
8.733,0.015806622803211212,0.58953,0.04813,0.08637,-1.50587,-0.01065,-0.01806,0.72961,-0.68378,0.00229,-0.01023
8.8,0.015806622803211212,0.58952,0.04812,0.08637,-1.50587,-0.01065,-0.01806,0.72961,-0.68378,0.00229,-0.01023
8.867,0.015806622803211212,0.58952,0.04812,0.08637,-1.50587,-0.01065,-0.01806,0.72961,-0.68378,0.00229,-0.01023
8.933,0.015806622803211212,0.58952,0.04812,0.08636,-1.50587,-0.01065,-0.01803,0.72961,-0.68378,0.00228,-0.01022
9.0,0.015806622803211212,0.58951,0.04812,0.08636,-1.50587,-0.01065,-0.01803,0.72961,-0.68378,0.00228,-0.01022
9.067,0.015806622803211212,0.58951,0.04812,0.08636,-1.50587,-0.01065,-0.01803,0.72961,-0.68378,0.00228,-0.01022
9.133,0.015806622803211212,0.58951,0.04812,0.08636,-1.50587,-0.01065,-0.01803,0.72961,-0.68378,0.00228,-0.01022
9.2,0.015806622803211212,0.58951,0.04812,0.08636,-1.5059,-0.01065,-0.01803,0.72961,-0.68379,0.00228,-0.01022
9.267,0.015806622803211212,0.58951,0.04812,0.08635,-1.50587,-0.01065,-0.01803,0.72961,-0.68378,0.00228,-0.01022
9.333,0.015806622803211212,0.58951,0.04812,0.08635,-1.50587,-0.01065,-0.01803,0.72961,-0.68378,0.00228,-0.01022
9.4,0.015806622803211212,0.58951,0.04811,0.08635,-1.5059,-0.01064,-0.01802,0.72961,-0.68379,0.00228,-0.01021
9.467,0.015806622803211212,0.5895,0.04812,0.08635,-1.50587,-0.01065,-0.018,0.72961,-0.68378,0.00227,-0.01021
9.533,0.015806622803211212,0.5895,0.04812,0.08635,-1.50587,-0.01065,-0.018,0.72961,-0.68378,0.00227,-0.01021
9.6,0.015806622803211212,0.5895,0.04812,0.08635,-1.50587,-0.01065,-0.018,0.72961,-0.68378,0.00227,-0.01021
9.667,0.015806622803211212,0.5895,0.04812,0.08635,-1.50587,-0.01065,-0.018,0.72961,-0.68378,0.00227,-0.01021
9.733,0.015806622803211212,0.5895,0.04812,0.08635,-1.50587,-0.01065,-0.018,0.72961,-0.68378,0.00227,-0.01021
9.8,0.015806622803211212,0.5895,0.04812,0.08635,-1.50587,-0.01065,-0.018,0.72961,-0.68378,0.00227,-0.01021
9.867,0.015806622803211212,0.5895,0.04812,0.08635,-1.50587,-0.01065,-0.018,0.72961,-0.68378,0.00227,-0.01021
9.933,0.015806622803211212,0.5895,0.04812,0.08635,-1.50587,-0.01065,-0.018,0.72961,-0.68378,0.00227,-0.01021
10.0,0.015806622803211212,0.5895,0.04812,0.08635,-1.50587,-0.01065,-0.018,0.72961,-0.68378,0.00227,-0.01021
10.067,0.015806622803211212,0.5895,0.04812,0.08635,-1.50587,-0.01065,-0.018,0.72961,-0.68378,0.00227,-0.01021
10.133,0.015806622803211212,0.5895,0.04812,0.08635,-1.50587,-0.01065,-0.018,0.72961,-0.68378,0.00227,-0.01021
10.2,0.015806622803211212,0.58949,0.04812,0.08634,-1.50587,-0.01064,-0.01799,0.72961,-0.68378,0.00227,-0.0102
10.267,0.015806622803211212,0.58949,0.04812,0.08635,-1.50587,-0.01064,-0.01799,0.72961,-0.68378,0.00227,-0.0102
10.333,0.015806622803211212,0.58949,0.04812,0.08634,-1.50587,-0.01064,-0.01799,0.72961,-0.68378,0.00227,-0.0102
10.4,0.015806622803211212,0.58949,0.04812,0.08634,-1.50587,-0.01064,-0.01799,0.72961,-0.68378,0.00227,-0.0102
10.467,0.015806622803211212,0.58949,0.04812,0.08634,-1.50587,-0.01064,-0.01799,0.72961,-0.68378,0.00227,-0.0102
10.534,0.015806622803211212,0.58949,0.04812,0.08634,-1.50587,-0.01064,-0.01799,0.72961,-0.68378,0.00227,-0.0102
10.6,0.015806622803211212,0.58949,0.04812,0.08634,-1.50587,-0.01065,-0.01798,0.72961,-0.68378,0.00226,-0.0102
10.667,0.015806622803211212,0.58949,0.04812,0.08634,-1.50587,-0.01065,-0.01798,0.72961,-0.68378,0.00226,-0.0102
10.733,0.015806622803211212,0.58949,0.04812,0.08634,-1.50587,-0.01064,-0.01799,0.72961,-0.68378,0.00227,-0.0102
10.8,0.015701884403824806,0.58949,0.04812,0.08634,-1.50587,-0.01064,-0.01799,0.72961,-0.68378,0.00227,-0.0102
10.867,0.015701884403824806,0.58949,0.04812,0.08634,-1.50587,-0.01065,-0.01798,0.72961,-0.68378,0.00226,-0.0102
10.933,0.013799849897623062,0.58949,0.04812,0.08634,-1.50587,-0.01065,-0.01798,0.72961,-0.68378,0.00226,-0.0102
11.0,0.013799849897623062,0.58949,0.04812,0.08634,-1.50587,-0.01064,-0.01799,0.72961,-0.68378,0.00227,-0.0102
11.067,0.013799849897623062,0.58949,0.04812,0.08634,-1.50587,-0.01065,-0.01798,0.72961,-0.68378,0.00226,-0.0102
11.133,0.01218346506357193,0.58949,0.04812,0.08634,-1.50587,-0.01065,-0.01798,0.72962,-0.68378,0.00226,-0.0102
11.2,0.01218346506357193,0.58949,0.04812,0.08634,-1.50587,-0.01065,-0.01798,0.72961,-0.68378,0.00226,-0.0102
11.267,0.010590063408017159,0.58949,0.04811,0.08634,-1.50587,-0.01065,-0.01798,0.72961,-0.68378,0.00226,-0.0102
11.333,0.010590063408017159,0.58949,0.04812,0.08634,-1.50587,-0.01065,-0.01798,0.72961,-0.68378,0.00226,-0.0102
11.4,0.010590063408017159,0.58949,0.04812,0.08634,-1.50587,-0.01065,-0.01798,0.72961,-0.68378,0.00226,-0.0102
11.467,0.00875533651560545,0.58949,0.04812,0.08634,-1.50587,-0.01065,-0.01798,0.72961,-0.68378,0.00226,-0.0102
11.534,0.00875533651560545,0.58949,0.04812,0.08634,-1.50587,-0.01065,-0.01798,0.72961,-0.68378,0.00226,-0.0102
11.6,0.00875533651560545,0.58949,0.04812,0.08634,-1.50587,-0.01065,-0.01798,0.72962,-0.68378,0.00226,-0.0102
11.667,0.0071199084632098675,0.58948,0.04812,0.08634,-1.50587,-0.01065,-0.01798,0.72961,-0.68378,0.00226,-0.0102
11.733,0.0071199084632098675,0.58948,0.04812,0.08634,-1.50587,-0.01065,-0.01798,0.72961,-0.68378,0.00226,-0.0102
11.8,0.005443438421934843,0.58948,0.04812,0.08634,-1.50587,-0.01065,-0.01798,0.72961,-0.68378,0.00226,-0.0102
11.867,0.005443438421934843,0.58949,0.04812,0.08634,-1.50587,-0.01065,-0.01798,0.72961,-0.68378,0.00226,-0.0102
11.933,0.005443438421934843,0.58948,0.04811,0.08634,-1.50587,-0.01065,-0.01798,0.72961,-0.68378,0.00226,-0.0102
12.0,0.0037489100359380245,0.58948,0.04811,0.08633,-1.50587,-0.01064,-0.01796,0.72961,-0.68378,0.00226,-0.01019
12.067,0.0037489100359380245,0.58948,0.04812,0.08633,-1.50587,-0.01065,-0.01795,0.72961,-0.68378,0.00225,-0.01019
12.133,0.002112824935466051,0.58947,0.04812,0.08633,-1.50587,-0.01065,-0.01795,0.72961,-0.68378,0.00225,-0.01019
12.2,0.002112824935466051,0.58947,0.04811,0.08632,-1.50587,-0.01064,-0.01793,0.72961,-0.68378,0.00225,-0.01018
12.267,0.0006993500282987952,0.58947,0.04811,0.08632,-1.50587,-0.01064,-0.01793,0.72961,-0.68378,0.00225,-0.01018
12.333,0.0006993500282987952,0.58947,0.04811,0.08632,-1.50587,-0.01064,-0.01793,0.72961,-0.68378,0.00225,-0.01018
12.4,0.0006993500282987952,0.58946,0.0481,0.08632,-1.5059,-0.01063,-0.01792,0.72961,-0.68379,0.00225,-0.01017
12.467,0.0003217666526325047,0.58947,0.0481,0.08632,-1.5059,-0.01064,-0.01793,0.72961,-0.68379,0.00225,-0.01018
12.533,0.0003217666526325047,0.58947,0.0481,0.08632,-1.5059,-0.01064,-0.01793,0.72961,-0.68379,0.00225,-0.01018
12.6,0.0003217666526325047,0.58946,0.04811,0.08632,-1.5059,-0.01064,-0.01793,0.72961,-0.68379,0.00225,-0.01018
12.667,0.00026200999855063856,0.58946,0.04811,0.08632,-1.50587,-0.01063,-0.01792,0.72961,-0.68378,0.00225,-0.01017
12.733,0.00026200999855063856,0.58946,0.04811,0.08632,-1.5059,-0.01064,-0.01793,0.72961,-0.68379,0.00225,-0.01018
12.8,0.00026200999855063856,0.58946,0.04811,0.08632,-1.5059,-0.01064,-0.01793,0.72961,-0.68379,0.00225,-0.01018
12.867,0.0002538016706239432,0.58946,0.0481,0.08632,-1.5059,-0.01063,-0.01792,0.72961,-0.68379,0.00225,-0.01017
12.933,0.0002538016706239432,0.58946,0.04811,0.08632,-1.50587,-0.01063,-0.01792,0.72961,-0.68378,0.00225,-0.01017
13.0,0.0002511749917175621,0.58946,0.04811,0.08631,-1.5059,-0.01064,-0.01791,0.72961,-0.68379,0.00224,-0.01017
13.067,0.0002511749917175621,0.58946,0.04811,0.08631,-1.5059,-0.01064,-0.01791,0.72961,-0.68379,0.00224,-0.01017
13.133,0.0002511749917175621,0.58946,0.04811,0.08632,-1.5059,-0.01063,-0.01792,0.72961,-0.68379,0.00225,-0.01017
13.2,0.00024821999249979854,0.58946,0.04811,0.08631,-1.5059,-0.01064,-0.01791,0.72961,-0.68379,0.00224,-0.01017
13.267,0.00024821999249979854,0.58946,0.04811,0.08631,-1.5059,-0.01064,-0.01791,0.72961,-0.68379,0.00224,-0.01017
13.333,0.0002446083235554397,0.58946,0.0481,0.08631,-1.5059,-0.01064,-0.01791,0.72961,-0.68379,0.00224,-0.01017
13.4,0.0002446083235554397,0.58946,0.0481,0.08632,-1.5059,-0.01064,-0.01791,0.72961,-0.68379,0.00224,-0.01017
13.467,0.0002446083235554397,0.58946,0.04811,0.08631,-1.5059,-0.01064,-0.01791,0.72961,-0.68379,0.00224,-0.01017
13.533,0.00024230999406427145,0.58946,0.04811,0.08632,-1.50587,-0.01064,-0.01791,0.72961,-0.68378,0.00224,-0.01017
13.6,0.00024230999406427145,0.58946,0.04811,0.08631,-1.50587,-0.01064,-0.01791,0.72961,-0.68378,0.00224,-0.01017
13.667,0.00024230999406427145,0.58946,0.04811,0.08631,-1.50587,-0.01064,-0.01791,0.72961,-0.68378,0.00224,-0.01017
13.733,0.00023968332970980555,0.58946,0.04811,0.08631,-1.50587,-0.01064,-0.01791,0.72961,-0.68378,0.00224,-0.01017
13.8,0.00023968332970980555,0.58945,0.04811,0.08631,-1.50587,-0.01064,-0.01791,0.72961,-0.68378,0.00224,-0.01017
13.867,0.00023377333127427846,0.58945,0.0481,0.0863,-1.5059,-0.01064,-0.01788,0.72961,-0.68379,0.00223,-0.01016
13.933,0.00023377333127427846,0.58938,0.04809,0.08625,-1.50589,-0.01063,-0.01775,0.72961,-0.68379,0.00219,-0.01011
14.0,0.00023377333127427846,0.58937,0.04815,0.08625,-1.50581,-0.01066,-0.01775,0.72964,-0.68376,0.00218,-0.01012
14.067,0.00022326667385641485,0.58937,0.04814,0.08626,-1.50581,-0.01064,-0.01776,0.72963,-0.68376,0.00219,-0.01012
14.133,0.00022326667385641485,0.58941,0.04815,0.08634,-1.50576,-0.01065,-0.01789,0.72965,-0.68374,0.00223,-0.01017
14.2,0.00018320999515708536,0.58956,0.04816,0.08671,-1.50576,-0.01065,-0.01853,0.72965,-0.68374,0.00245,-0.0104
14.267,0.00018320999515708536,0.59005,0.04812,0.08789,-1.5056,-0.01062,-0.0205,0.72969,-0.68368,0.00313,-0.01111
14.333,0.00018320999515708536,0.59103,0.04817,0.09024,-1.50458,-0.01058,-0.02451,0.73001,-0.6833,0.00451,-0.01256
14.4,0.0001602266711415723,0.59273,0.04809,0.0944,-1.50308,-0.01042,-0.03154,0.73048,-0.68273,0.00696,-0.01508
14.467,0.0001602266711415723,0.5952,0.04792,0.1007,-1.50236,-0.01021,-0.04205,0.73064,-0.68242,0.01062,-0.01885
14.533,0.0001602266711415723,0.59829,0.04787,0.10881,-1.50257,-0.01015,-0.05555,0.73042,-0.68241,0.01525,-0.02376
14.6,0.00015234666352625936,0.60159,0.04742,0.11805,-1.50342,-0.00989,-0.07077,0.72993,-0.68258,0.02055,-0.02922
14.667,0.00015234666352625936,0.60439,0.0463,0.12747,-1.50497,-0.00909,-0.08525,0.72919,-0.68297,0.02581,-0.03421
14.733,0.00013363166362978518,0.60639,0.04452,0.13676,-1.50591,-0.00742,-0.09695,0.72869,-0.68312,0.03043,-0.03789
14.8,0.00013363166362978518,0.60752,0.04214,0.14611,-1.50765,-0.0058,-0.10434,0.72798,-0.68361,0.03358,-0.04
14.867,0.00013363166362978518,0.60725,0.03936,0.15457,-1.50722,-0.00415,-0.10498,0.72814,-0.68341,0.03439,-0.03968
14.934,0.00011590166832320392,0.60537,0.03644,0.16174,-1.5037,-0.00252,-0.09834,0.7295,-0.68221,0.03265,-0.03676
15.0,0.00011590166832320392,0.60194,0.03308,0.1681,-1.49607,-0.00015,-0.08545,0.73236,-0.67958,0.029,-0.03136
15.067,0.00011458833614597097,0.59724,0.02917,0.17334,-1.48215,0.00265,-0.06769,0.73735,-0.67466,0.02382,-0.02407
15.133,0.00011458833614597097,0.59171,0.02422,0.17786,-1.46607,0.00509,-0.0477,0.74297,-0.66889,0.01785,-0.01602
15.2,0.00011294666910544038,0.58673,0.01807,0.1826,-1.45044,0.00691,-0.02857,0.74831,-0.66319,0.01206,-0.0084
15.267,0.00011294666910544038,0.58305,0.01092,0.18788,-1.43763,0.00856,-0.01384,0.75258,-0.65845,0.00778,-0.00239
15.333,0.00011294666910544038,0.58055,0.00335,0.19367,-1.42662,0.01031,-0.00538,0.75619,-0.65432,0.00566,0.00134
15.4,0.00011163333692820743,0.579,-0.00487,0.19978,-1.41466,0.01256,-0.00203,0.76009,-0.64979,0.00543,0.00331
15.467,0.00011163333692820743,0.57821,-0.01337,0.20632,-1.39966,0.01534,-0.00311,0.76493,-0.64406,0.00687,0.00375
15.533,0.00011163333692820743,0.57807,-0.02237,0.21298,-1.37978,0.0191,-0.00775,0.7713,-0.63639,0.00983,0.00309
15.6,0.00011031999747501686,0.57773,-0.03143,0.21982,-1.34706,0.02347,-0.01202,0.7816,-0.62364,0.01292,0.00262
15.667,0.00011031999747501686,0.57689,-0.04031,0.22635,-1.30343,0.02716,-0.01446,0.79501,-0.6064,0.01518,0.00249
15.733,0.00010867833043448627,0.57547,-0.04881,0.23216,-1.25192,0.03003,-0.01421,0.81035,-0.58571,0.01633,0.00304
15.8,0.00010867833043448627,0.57335,-0.05717,0.23741,-1.19842,0.03151,-0.01121,0.82571,-0.56384,0.01617,0.00426
15.867,0.00010867833043448627,0.57071,-0.06564,0.24146,-1.14844,0.03141,-0.00584,0.83954,-0.54307,0.01477,0.00608
15.934,0.00010605166608002037,0.56786,-0.0739,0.2445,-1.10103,0.02999,0.00058,0.85216,-0.52307,0.01263,0.00809
16.0,0.00010605166608002037,0.56509,-0.0823,0.24672,-1.05407,0.02819,0.00676,0.86419,-0.50296,0.01048,0.01001
16.067,0.00010440999903948978,0.56325,-0.09027,0.24816,-1.00569,0.02818,0.01023,0.87608,-0.48193,0.00988,0.01127
16.134,0.00010440999903948978,0.56205,-0.09787,0.24886,-0.95317,0.02946,0.01259,0.88841,-0.45877,0.0102,0.01235
16.2,0.00010440999903948978,0.5608,-0.10473,0.24893,-0.89642,0.02979,0.01588,0.90104,-0.4334,0.00998,0.01361
16.267,0.00010309666686225682,0.55956,-0.11132,0.24909,-0.83668,0.02987,0.01918,0.91356,-0.40631,0.00975,0.01483
16.333,0.00010309666686225682,0.55836,-0.11744,0.24934,-0.77482,0.02963,0.02237,0.92567,-0.37788,0.00949,0.01595
16.4,0.00010112666495842859,0.55705,-0.12377,0.24963,-0.71192,0.02912,0.02569,0.93707,-0.3486,0.00917,0.01711
16.467,0.00010112666495842859,0.55568,-0.12999,0.24991,-0.65032,0.0283,0.02896,0.94734,-0.31959,0.00878,0.01824
16.533,0.00010112666495842859,0.55421,-0.13636,0.25021,-0.59289,0.02731,0.03217,0.9561,-0.29227,0.00836,0.01937
16.6,0.00010014166764449328,0.55275,-0.14284,0.25064,-0.53631,0.02633,0.03533,0.96397,-0.26511,0.00801,0.02052
16.667,0.00010014166764449328,0.5512,-0.14908,0.251,-0.48123,0.02495,0.03839,0.97088,-0.23847,0.00754,0.02161
16.733,0.00010014166764449328,0.54963,-0.15497,0.25125,-0.42807,0.02314,0.04136,0.97686,-0.21258,0.00691,0.02266
16.8,9.981333278119564e-05,0.54809,-0.16044,0.2512,-0.37386,0.02057,0.04436,0.98224,-0.18601,0.00598,0.0237
16.867,9.981333278119564e-05,0.54654,-0.16555,0.25089,-0.32014,0.01728,0.04726,0.98687,-0.15954,0.00476,0.0247
16.933,9.981333278119564e-05,0.54515,-0.16981,0.25022,-0.26683,0.0132,0.04989,0.99076,-0.13314,0.00322,0.0256
17.0,9.882833546726033e-05,0.54393,-0.17326,0.24901,-0.2119,0.00796,0.0523,0.99403,-0.10582,0.00119,0.02642
17.067,9.882833546726033e-05,0.54309,-0.17578,0.2475,-0.15871,0.00258,0.05419,0.99648,-0.07928,-0.00086,0.02711
17.133,9.817166574066505e-05,0.54254,-0.17796,0.24598,-0.1098,-0.00208,0.05581,0.99811,-0.05482,-0.00257,0.0278
17.2,9.817166574066505e-05,0.54262,-0.18014,0.24426,-0.06645,-0.00592,0.05786,0.99903,-0.03312,-0.00392,0.02881
17.267,9.817166574066505e-05,0.54283,-0.18239,0.24202,-0.03058,-0.00999,0.06019,0.99942,-0.01513,-0.00545,0.03001
17.333,9.718666842672974e-05,0.54347,-0.18471,0.23915,-0.00296,-0.01333,0.06329,0.99948,-0.00127,-0.00671,0.03163
17.4,9.718666842672974e-05,0.54433,-0.18773,0.23594,0.01591,-0.01595,0.06739,0.99937,0.00822,-0.0077,0.03375
17.467,9.620166383683681e-05,0.5457,-0.1909,0.23263,0.02807,-0.01747,0.07238,0.9992,0.01434,-0.00822,0.0363
17.533,9.620166383683681e-05,0.54641,-0.19324,0.22848,0.03247,-0.02038,0.0764,0.99908,0.01661,-0.00956,0.03835
17.6,9.620166383683681e-05,0.54673,-0.19432,0.224,0.03354,-0.02453,0.07923,0.99899,0.01724,-0.01159,0.0398
17.667,9.587333624949679e-05,0.54764,-0.19508,0.22018,0.03363,-0.02525,0.08244,0.99892,0.01732,-0.01192,0.04141
17.733,9.587333624949679e-05,0.54989,-0.19619,0.21762,0.03444,-0.02087,0.08761,0.99883,0.01766,-0.00967,0.04396
17.8,9.488833165960386e-05,0.55359,-0.1976,0.21676,0.03582,-0.01146,0.09433,0.99871,0.01816,-0.00488,0.04724
17.867,9.488833165960386e-05,0.55733,-0.19875,0.21695,0.03749,-0.00121,0.10054,0.99856,0.01875,0.00034,0.05025
17.933,9.488833165960386e-05,0.56043,-0.19957,0.2175,0.03897,0.00664,0.10524,0.99842,0.01928,0.00434,0.05252
18.0,9.455999679630622e-05,0.56238,-0.19965,0.21839,0.04027,0.00978,0.10733,0.99835,0.01984,0.00596,0.05353
18.067,9.455999679630622e-05,0.56332,-0.19941,0.21915,0.0412,0.01146,0.10801,0.99832,0.02026,0.00683,0.05385
18.133,9.324666461907327e-05,0.56354,-0.19948,0.2194,0.04123,0.01199,0.10822,0.99831,0.02026,0.0071,0.05395
18.2,9.324666461907327e-05,0.56343,-0.19959,0.21908,0.04104,0.0114,0.10823,0.99832,0.02018,0.0068,0.05396
18.267,9.324666461907327e-05,0.56327,-0.19957,0.21829,0.04102,0.00998,0.1082,0.99832,0.02021,0.00609,0.05396
18.333,9.291832975577563e-05,0.563,-0.19958,0.21692,0.04083,0.00759,0.10809,0.99833,0.02018,0.00489,0.05393
18.4,9.291832975577563e-05,0.56257,-0.1996,0.2148,0.04079,0.00376,0.10815,0.99833,0.02026,0.00298,0.054
18.467,9.291832975577563e-05,0.56194,-0.19966,0.21197,0.04073,-0.00138,0.10823,0.99833,0.02037,0.00041,0.05409
18.533,9.226166730513796e-05,0.56125,-0.1997,0.20873,0.04077,-0.00728,0.10841,0.99831,0.02055,-0.00253,0.05424
18.6,9.226166730513796e-05,0.56061,-0.19974,0.20573,0.04075,-0.01273,0.10856,0.99829,0.02069,-0.00525,0.05437
18.667,9.193333244184032e-05,0.56016,-0.19973,0.2037,0.04083,-0.01644,0.10864,0.99827,0.02083,-0.0071,0.05445
18.733,9.193333244184032e-05,0.55996,-0.19943,0.20247,0.04135,-0.0187,0.1086,0.99826,0.02115,-0.00821,0.05445
18.8,9.193333244184032e-05,0.56003,-0.19888,0.20195,0.04231,-0.01956,0.10835,0.99825,0.02165,-0.00862,0.05434
18.867,9.160499757854268e-05,0.56017,-0.19807,0.20132,0.04366,-0.02055,0.10798,0.99824,0.02235,-0.00908,0.05417
18.933,9.160499757854268e-05,0.56026,-0.19733,0.20059,0.04494,-0.02175,0.10764,0.99823,0.02302,-0.00965,0.05402
19.0,9.160499757854268e-05,0.56032,-0.19686,0.20017,0.04575,-0.02248,0.10753,0.99822,0.02344,-0.00999,0.05398
19.067,9.160499757854268e-05,0.5603,-0.19692,0.20016,0.04564,-0.02249,0.10755,0.99822,0.02339,-0.01,0.05399
19.133,9.160499757854268e-05,0.56017,-0.19733,0.20021,0.04498,-0.0225,0.10776,0.99822,0.02306,-0.01002,0.05409
19.2,9.127666999120265e-05,0.55997,-0.19793,0.20027,0.04396,-0.02249,0.10801,0.99822,0.02255,-0.01004,0.05421
19.267,9.127666999120265e-05,0.55969,-0.19879,0.20035,0.04253,-0.02248,0.10835,0.99823,0.02184,-0.01007,0.05437
19.333,9.094833512790501e-05,0.55923,-0.20016,0.20049,0.04024,-0.02251,0.10903,0.99824,0.0207,-0.01014,0.0547
19.4,9.094833512790501e-05,0.55874,-0.20159,0.20067,0.0378,-0.02255,0.10976,0.99824,0.01949,-0.01022,0.05505
19.467,9.094833512790501e-05,0.55808,-0.20252,0.20065,0.03596,-0.02399,0.10973,0.99825,0.01861,-0.01099,0.05504
19.533,9.094833512790501e-05,0.5573,-0.20259,0.20037,0.0352,-0.02716,0.10868,0.99826,0.01831,-0.0126,0.05454
19.6,9.094833512790501e-05,0.55713,-0.20233,0.20026,0.03543,-0.02824,0.10826,0.99827,0.01845,-0.01314,0.05434
19.667,9.062000026460737e-05,0.5572,-0.20218,0.20028,0.03571,-0.02818,0.10826,0.99826,0.01859,-0.0131,0.05434
19.733,9.062000026460737e-05,0.55721,-0.20218,0.20029,0.03571,-0.02816,0.10826,0.99826,0.01859,-0.01309,0.05434
19.8,9.062000026460737e-05,0.55721,-0.20219,0.2003,0.03568,-0.02812,0.10828,0.99826,0.01857,-0.01307,0.05435
19.867,9.029166540130973e-05,0.55724,-0.20209,0.20029,0.03586,-0.02813,0.10826,0.99826,0.01866,-0.01307,0.05434
19.933,9.029166540130973e-05,0.55725,-0.20207,0.2003,0.03588,-0.02813,0.10826,0.99826,0.01867,-0.01307,0.05434
20.0,8.963500295067206e-05,0.55732,-0.20185,0.20028,0.03626,-0.02817,0.10825,0.99826,0.01886,-0.01308,0.05434
20.067,8.963500295067206e-05,0.55741,-0.20159,0.20028,0.03672,-0.02815,0.10825,0.99825,0.01909,-0.01306,0.05434
20.133,8.963500295067206e-05,0.55746,-0.20147,0.20028,0.03692,-0.02814,0.10826,0.99825,0.01919,-0.01305,0.05435
20.2,8.963500295067206e-05,0.55747,-0.20142,0.20028,0.037,-0.02815,0.10824,0.99825,0.01923,-0.01305,0.05434
20.267,8.963500295067206e-05,0.55746,-0.20144,0.20027,0.03696,-0.02817,0.10826,0.99825,0.01921,-0.01306,0.05435
20.333,8.963500295067206e-05,0.55742,-0.20142,0.20021,0.03695,-0.02831,0.10822,0.99825,0.01921,-0.01313,0.05433
20.4,8.930666808737442e-05,0.55715,-0.20136,0.19993,0.03688,-0.02894,0.10799,0.99825,0.01919,-0.01345,0.05422
20.467,8.930666808737442e-05,0.55653,-0.20124,0.19929,0.03669,-0.03034,0.10747,0.99826,0.01913,-0.01416,0.05397
20.533,8.897833322407678e-05,0.55562,-0.20105,0.19834,0.03645,-0.03244,0.10669,0.99826,0.01906,-0.01522,0.0536
20.6,8.897833322407678e-05,0.55496,-0.20093,0.19758,0.03625,-0.0341,0.10619,0.99827,0.019,-0.01606,0.05336
20.667,8.864999836077914e-05,0.55474,-0.20089,0.19722,0.03619,-0.03483,0.10603,0.99826,0.01899,-0.01643,0.05329
20.733,8.864999836077914e-05,0.55472,-0.20089,0.19713,0.03617,-0.03497,0.10603,0.99826,0.01898,-0.0165,0.05329
20.8,8.864999836077914e-05,0.55472,-0.20089,0.19714,0.03615,-0.03497,0.10605,0.99826,0.01897,-0.0165,0.0533
20.867,8.799333591014147e-05,0.55472,-0.20089,0.19713,0.03616,-0.03499,0.10605,0.99826,0.01898,-0.01651,0.0533
20.933,8.799333591014147e-05,0.55472,-0.20089,0.19713,0.03614,-0.03499,0.10605,0.99826,0.01897,-0.01651,0.0533
21.0,8.799333591014147e-05,0.55472,-0.20089,0.19713,0.03612,-0.03499,0.10605,0.99826,0.01896,-0.01651,0.0533
21.067,8.733666618354619e-05,0.55472,-0.20089,0.19713,0.03614,-0.03499,0.10605,0.99826,0.01897,-0.01651,0.0533
21.133,8.733666618354619e-05,0.55472,-0.20089,0.19713,0.03612,-0.03499,0.10605,0.99826,0.01896,-0.01651,0.0533
21.2,8.700833132024854e-05,0.55472,-0.20089,0.19713,0.03612,-0.03499,0.10605,0.99826,0.01896,-0.01651,0.0533
21.267,8.700833132024854e-05,0.55472,-0.20089,0.19712,0.03612,-0.03499,0.10605,0.99826,0.01896,-0.01651,0.0533
21.334,8.700833132024854e-05,0.55472,-0.20089,0.19713,0.03612,-0.03499,0.10605,0.99826,0.01896,-0.01651,0.0533
21.4,8.66799964569509e-05,0.55472,-0.20089,0.19712,0.0361,-0.03501,0.10605,0.99826,0.01895,-0.01652,0.0533
21.467,8.66799964569509e-05,0.55472,-0.20089,0.19712,0.03612,-0.03499,0.10605,0.99826,0.01896,-0.01651,0.0533
21.533,8.66799964569509e-05,0.55472,-0.20089,0.19712,0.03612,-0.03501,0.10605,0.99826,0.01896,-0.01652,0.0533
21.6,8.635166886961088e-05,0.55472,-0.20089,0.19712,0.0361,-0.03501,0.10605,0.99826,0.01895,-0.01652,0.0533
21.667,8.635166886961088e-05,0.55472,-0.20089,0.19712,0.03612,-0.03501,0.10605,0.99826,0.01896,-0.01652,0.0533
21.733,8.602333400631323e-05,0.55472,-0.20089,0.19712,0.0361,-0.03501,0.10605,0.99826,0.01895,-0.01652,0.0533
21.8,8.602333400631323e-05,0.55472,-0.20089,0.19712,0.03612,-0.03501,0.10605,0.99826,0.01896,-0.01652,0.0533
21.867,8.602333400631323e-05,0.55472,-0.20089,0.19712,0.0361,-0.03499,0.10605,0.99826,0.01895,-0.01651,0.0533
21.933,8.56949991430156e-05,0.55472,-0.2009,0.19712,0.0361,-0.03501,0.10605,0.99826,0.01895,-0.01652,0.0533
22.0,8.56949991430156e-05,0.55472,-0.2009,0.19712,0.0361,-0.03501,0.10605,0.99826,0.01895,-0.01652,0.0533
22.067,8.56949991430156e-05,0.55472,-0.20089,0.19712,0.0361,-0.03501,0.10605,0.99826,0.01895,-0.01652,0.0533
22.134,8.536666427971795e-05,0.55472,-0.20089,0.19712,0.0361,-0.03501,0.10605,0.99826,0.01895,-0.01652,0.0533
22.2,8.536666427971795e-05,0.55472,-0.20089,0.19712,0.0361,-0.03501,0.10605,0.99826,0.01895,-0.01652,0.0533
22.267,8.536666427971795e-05,0.55472,-0.20089,0.19712,0.0361,-0.03501,0.10605,0.99826,0.01895,-0.01652,0.0533
22.333,8.503833669237792e-05,0.55472,-0.20089,0.19712,0.0361,-0.03501,0.10605,0.99826,0.01895,-0.01652,0.0533
22.4,8.503833669237792e-05,0.55472,-0.20089,0.19712,0.0361,-0.03501,0.10605,0.99826,0.01895,-0.01652,0.0533
22.467,8.471000182908028e-05,0.55472,-0.20089,0.19711,0.0361,-0.03501,0.10605,0.99826,0.01895,-0.01652,0.0533
22.533,8.471000182908028e-05,0.55472,-0.20089,0.19712,0.0361,-0.03501,0.10605,0.99826,0.01895,-0.01652,0.0533
22.6,8.471000182908028e-05,0.55472,-0.20089,0.19712,0.0361,-0.03501,0.10605,0.99826,0.01895,-0.01652,0.0533
22.667,8.503833669237792e-05,0.55472,-0.20089,0.19712,0.0361,-0.03501,0.10605,0.99826,0.01895,-0.01652,0.0533
22.733,8.503833669237792e-05,0.55472,-0.2009,0.19712,0.03608,-0.03501,0.10605,0.99826,0.01894,-0.01652,0.0533
22.8,8.438166696578264e-05,0.55472,-0.20089,0.19712,0.0361,-0.03501,0.10605,0.99826,0.01895,-0.01652,0.0533
22.867,8.438166696578264e-05,0.55472,-0.20089,0.19712,0.0361,-0.03501,0.10605,0.99826,0.01895,-0.01652,0.0533
22.933,8.438166696578264e-05,0.55472,-0.20089,0.19712,0.0361,-0.03501,0.10605,0.99826,0.01895,-0.01652,0.0533
23.0,8.438166696578264e-05,0.55472,-0.20089,0.19712,0.03608,-0.03501,0.10605,0.99826,0.01894,-0.01652,0.0533
23.067,8.438166696578264e-05,0.55472,-0.20089,0.19712,0.0361,-0.03501,0.10605,0.99826,0.01895,-0.01652,0.0533
23.133,8.438166696578264e-05,0.55472,-0.20089,0.19711,0.03608,-0.03501,0.10605,0.99826,0.01894,-0.01652,0.0533
23.2,8.438166696578264e-05,0.55472,-0.20089,0.19711,0.03608,-0.03501,0.10605,0.99826,0.01894,-0.01652,0.0533
23.267,8.438166696578264e-05,0.55472,-0.2009,0.19712,0.03608,-0.03501,0.10605,0.99826,0.01894,-0.01652,0.0533
23.334,8.438166696578264e-05,0.55472,-0.20089,0.19712,0.0361,-0.03501,0.10605,0.99826,0.01895,-0.01652,0.0533
23.4,-0.015742598101496696,0.55471,-0.20089,0.19711,0.0361,-0.03503,0.10605,0.99826,0.01895,-0.01653,0.0533
23.467,-0.015742598101496696,0.55472,-0.20089,0.19711,0.03608,-0.03501,0.10605,0.99826,0.01894,-0.01652,0.0533
23.533,-0.015742598101496696,0.55472,-0.20089,0.19712,0.0361,-0.03501,0.10605,0.99826,0.01895,-0.01652,0.0533
23.6,-0.015742598101496696,0.55472,-0.20089,0.19712,0.03608,-0.03501,0.10605,0.99826,0.01894,-0.01652,0.0533
23.667,-0.0157938189804554,0.55472,-0.20089,0.19712,0.0361,-0.03501,0.10605,0.99826,0.01895,-0.01652,0.0533
23.733,-0.0157938189804554,0.55472,-0.2009,0.19712,0.03608,-0.03501,0.10605,0.99826,0.01894,-0.01652,0.0533
23.8,-0.01579545997083187,0.55471,-0.20089,0.19711,0.03608,-0.03503,0.10605,0.99826,0.01894,-0.01653,0.0533
23.867,-0.01579545997083187,0.55472,-0.20089,0.19712,0.03608,-0.03501,0.10605,0.99826,0.01894,-0.01652,0.0533
23.933,-0.01579545997083187,0.55471,-0.2009,0.19711,0.03608,-0.03501,0.10605,0.99826,0.01894,-0.01652,0.0533
24.0,-0.01579545997083187,0.55471,-0.20089,0.19711,0.03608,-0.03503,0.10605,0.99826,0.01894,-0.01653,0.0533
24.067,-0.015796445310115814,0.55471,-0.2009,0.19711,0.03608,-0.03503,0.10605,0.99826,0.01894,-0.01653,0.0533
24.133,-0.015796445310115814,0.55471,-0.20089,0.19711,0.03608,-0.03503,0.10605,0.99826,0.01894,-0.01653,0.0533
24.2,-0.015796445310115814,0.55472,-0.20089,0.19711,0.03608,-0.03503,0.10605,0.99826,0.01894,-0.01653,0.0533
24.267,-0.015796445310115814,0.55472,-0.20089,0.19711,0.03608,-0.03503,0.10605,0.99826,0.01894,-0.01653,0.0533
24.333,-0.015796445310115814,0.55471,-0.2009,0.19711,0.03608,-0.03503,0.10605,0.99826,0.01894,-0.01653,0.0533
24.4,-0.01579611748456955,0.55471,-0.2009,0.19711,0.03608,-0.03503,0.10605,0.99826,0.01894,-0.01653,0.0533
24.467,-0.01579611748456955,0.55472,-0.20089,0.19711,0.03608,-0.03503,0.10605,0.99826,0.01894,-0.01653,0.0533
24.533,-0.015522615052759647,0.55472,-0.20089,0.19711,0.03608,-0.03503,0.10605,0.99826,0.01894,-0.01653,0.0533
24.6,-0.015522615052759647,0.55472,-0.20089,0.19711,0.03608,-0.03503,0.10605,0.99826,0.01894,-0.01653,0.0533
24.667,-0.015522615052759647,0.55472,-0.20089,0.19711,0.03608,-0.03501,0.10605,0.99826,0.01894,-0.01652,0.0533
24.733,-0.015522615052759647,0.55473,-0.20091,0.19714,0.03606,-0.03497,0.10607,0.99826,0.01893,-0.0165,0.05331
24.8,-0.013972553424537182,0.55473,-0.2009,0.19713,0.03608,-0.03497,0.10607,0.99826,0.01894,-0.0165,0.05331
24.867,-0.013972553424537182,0.55473,-0.2009,0.19713,0.03608,-0.03497,0.10607,0.99826,0.01894,-0.0165,0.05331
24.933,-0.013972553424537182,0.55473,-0.20091,0.19714,0.03606,-0.03497,0.10607,0.99826,0.01893,-0.0165,0.05331
25.0,-0.011461131274700165,0.55473,-0.2009,0.19714,0.03608,-0.03497,0.10607,0.99826,0.01894,-0.0165,0.05331
25.067,-0.011461131274700165,0.55473,-0.2009,0.19713,0.03608,-0.03497,0.10607,0.99826,0.01894,-0.0165,0.05331
25.133,-0.011461131274700165,0.55473,-0.2009,0.19714,0.03608,-0.03497,0.10607,0.99826,0.01894,-0.0165,0.05331
25.2,-0.008567201904952526,0.55473,-0.2009,0.19713,0.03608,-0.03497,0.10607,0.99826,0.01894,-0.0165,0.05331
25.267,-0.008567201904952526,0.55473,-0.2009,0.19713,0.03608,-0.03497,0.10607,0.99826,0.01894,-0.0165,0.05331
25.333,-0.008567201904952526,0.55473,-0.20089,0.19713,0.03608,-0.03497,0.10607,0.99826,0.01894,-0.0165,0.05331
25.4,-0.005277958232909441,0.55473,-0.2009,0.19714,0.03608,-0.03497,0.10607,0.99826,0.01894,-0.0165,0.05331
25.467,-0.005277958232909441,0.55473,-0.2009,0.19713,0.03608,-0.03497,0.10607,0.99826,0.01894,-0.0165,0.05331
25.533,-0.001613101689144969,0.55473,-0.2009,0.19713,0.03608,-0.03497,0.10607,0.99826,0.01894,-0.0165,0.05331
25.6,-0.001613101689144969,0.55473,-0.2009,0.19713,0.03608,-0.03497,0.10607,0.99826,0.01894,-0.0165,0.05331
25.667,-0.001613101689144969,0.55473,-0.2009,0.19713,0.03608,-0.03497,0.10607,0.99826,0.01894,-0.0165,0.05331
25.733,3.152000135742128e-05,0.55473,-0.2009,0.19714,0.03608,-0.03497,0.10607,0.99826,0.01894,-0.0165,0.05331
25.8,3.152000135742128e-05,0.55473,-0.2009,0.19713,0.03608,-0.03497,0.10607,0.99826,0.01894,-0.0165,0.05331
25.867,3.119166649412364e-05,0.55473,-0.2009,0.19713,0.03608,-0.03499,0.10607,0.99826,0.01894,-0.01651,0.05331
25.933,3.119166649412364e-05,0.55473,-0.2009,0.19714,0.03608,-0.03497,0.10607,0.99826,0.01894,-0.0165,0.05331
26.0,3.119166649412364e-05,0.55473,-0.2009,0.19714,0.03608,-0.03497,0.10607,0.99826,0.01894,-0.0165,0.05331
26.067,3.119166649412364e-05,0.55473,-0.2009,0.19713,0.03606,-0.03497,0.10607,0.99826,0.01893,-0.0165,0.05331
26.133,3.119166649412364e-05,0.55473,-0.2009,0.19713,0.03608,-0.03497,0.10607,0.99826,0.01894,-0.0165,0.05331
26.2,3.119166649412364e-05,0.55473,-0.2009,0.19714,0.03608,-0.03497,0.10607,0.99826,0.01894,-0.0165,0.05331
26.267,3.119166649412364e-05,0.55473,-0.2009,0.19714,0.03608,-0.03497,0.10607,0.99826,0.01894,-0.0165,0.05331
26.334,0.015822382643818855,0.55473,-0.2009,0.19714,0.03608,-0.03497,0.10607,0.99826,0.01894,-0.0165,0.05331
26.4,0.015822382643818855,0.55473,-0.2009,0.19714,0.03608,-0.03497,0.10607,0.99826,0.01894,-0.0165,0.05331
26.467,0.01580728031694889,0.55473,-0.2009,0.19713,0.03608,-0.03497,0.10607,0.99826,0.01894,-0.0165,0.05331
26.533,0.01580728031694889,0.55473,-0.2009,0.19714,0.03608,-0.03497,0.10607,0.99826,0.01894,-0.0165,0.05331
26.6,0.01580728031694889,0.55473,-0.2009,0.19713,0.03608,-0.03497,0.10607,0.99826,0.01894,-0.0165,0.05331
26.667,0.015806952491402626,0.55473,-0.2009,0.19714,0.03606,-0.03497,0.10607,0.99826,0.01893,-0.0165,0.05331
26.733,0.015806952491402626,0.55473,-0.2009,0.19713,0.03608,-0.03497,0.10607,0.99826,0.01894,-0.0165,0.05331
